uid	synonymous	creates_start	creates_stop	removes_stop	af	ar	ap	sm	mm
chlBeC250	false	false	false	true	0.7962382445141066	0.8521281263712155	0.7488966318234611	0.6056095672373741	0.8492573263749498
atpAeC103	false	false	false	true	0.7449856733524355	0.8987757477499948	0.9586518415566365	0.9036460518586893	0.9741347456583324
atpIeU542	false	false	false	false	0.94467382328654	0.9840773386408871	0.9762289457957991	0.9895267649340574	0.9868308534291089
atpIeU428	false	false	false	false	0.9749870622735898	0.9652572860665346	0.9455370246831221	0.8981156556869453	0.9916044267568009
atpIeC70	false	false	false	true	0.6373333333333333	0.9189080958419542	0.918360624882364	0.7481833051779154	0.7977270869103099
rps2eC517	false	false	false	true	0.6448311156601843	0.8598103316251399	0.871075559561364	0.9222257493991203	0.9055715406748627
rps2eC430	false	false	false	true	0.7170767004341534	0.8854797519153593	0.9528416549175944	0.8919143876337693	0.9199888486200167
rps2eU2	false	true	false	false	0.21394230769230768	0.29124820659971307	0.2620364920541495	0.7533957138545125	0.8921775898520085
rpoC2eC3718	false	false	false	true	0.6788685524126455	0.8452803406671399	0.841688654353562	0.9463247863247863	0.8754716981132076
rpoC2eC217	false	false	false	true	0.21710526315789475	0.475177304964539	0.512396694214876	0.44651162790697674	0.7875816993464052
rpoC2eU170	false	false	false	false	0.7628865979381443	0.7797356828193832	0.8376068376068376	0.7954545454545454	0.8939929328621908
rpoC1eU872	false	false	false	false	0.6260162601626016	0.9215686274509803	0.885480572597137	0.9027941755214482	0.9167927382753404
rpoC1eU133	false	false	false	false	0.9016393442622951	0.9152007216959855	0.9143192488262911	0.8765227021040974	0.8413793103448276
rpoC1eC115	false	false	false	true	0.41767068273092367	0.7154942119323241	0.6069767441860465	0.5310880829015544	0.7675378266850069
rpoBeU2051	false	false	false	false	0.520618556701031	0.8091118800461361	0.7871287128712872	0.6442663378545006	0.80375
rpoBeU131	false	false	false	false	0.529505582137161	0.6582482536270822	0.6448979591836734	0.442495126705653	0.37077131258457374
rpoBeC127	false	false	false	true	0.3620414673046252	0.3347755543537047	0.5010245901639344	0.3239475885140786	0.46603260869565216
rpoBeU125	false	false	false	false	0.38191881918819187	0.6123778501628665	0.7077720207253886	0.3873572820941242	0.5674386920980926
petNeU2	false	true	false	false	0.926148352540172	0.8694026515715776	0.8944490089349902	0.7670960584301519	0.7151985866048689
pafIeC166	false	false	false	true	0.49812734082397003	0.413148049171566	0.7148182665424044	0.627059843885516	0.9480709750936025
pafIeU29	false	false	false	false	0.6818181818181818	0.809731752963194	0.8831050228310502	0.8690909090909091	0.9576640888360103
ndhKeU8	false	false	false	false	0.583710407239819	0.8090342154053598	0.7684933613574614	0.45092089478512454	0.8245436958533098
ndhCeU328	false	false	false	false	0.6672433679354095	0.8947722915911093	0.9056935491141865	0.5572170738556586	0.9650361844973406
ndhCeU323	false	false	false	false	0.8480089736399327	0.9700714631132126	0.8985434224990839	0.737854323645497	0.9551211453744494
atpEeU308	false	false	false	false	0.8840826245443499	0.5974476869663132	0.9329392737494705	0.7702488198066338	0.40190018793067445
cemAeU1181	false	false	false	false	0.890251021599533	0.6835102716117468	0.8332539304430682	0.8506551639944657	0.8527354997943233
cemAeU1444	false	false	false	false	0.9626614261650758	0.93714490760122	0.9037302349960689	0.8443493581676315	0.9856643356643356
petAeC271	false	false	false	true	0.8417487684729064	0.935204332840965	0.8767370691817589	0.797904026475455	0.9248866455642056
petLeU74	false	false	false	false	0.9519738496354035	0.9293483610591594	0.6520552259961153	0.8054364770070148	0.9811899732993266
rpl20eU302	false	false	false	false	0.37594799566630555	0.8849288575770135	0.91455631047972	0.8785481619357841	0.973448731113393
rpl20eU2	false	true	false	false	0.5971451229183188	0.8438073718401355	0.8471715328467153	0.829483695652174	0.9488229899113421
psbBeU2	false	true	false	false	0.9071830745606552	0.9376830545194864	0.9749773525707595	0.9405921482449368	0.9819972528275419
rpoAeC241	false	false	false	true	0.34898843930635837	0.6886417791898332	0.5248745819397993	0.4340545830162009	0.532672849915683
rps11eC142	false	false	false	true	0.6375	0.7491404208499519	0.8273148148148148	0.624655946689845	0.9778560644187216
infAeC124	false	false	false	true	0.4373642288196959	0.7523730912092448	0.5112452002194185	0.7036571473465059	0.9413453138649694
rps8eC196	false	false	false	true	0.7320143884892086	0.9596548004314994	0.9148809523809524	0.9285049833887044	0.9656974844821954
rpl2eC10	false	false	false	true	0.5439024390243903	0.8580152671755725	0.7654467680608364	0.6251492240350179	0.8403522205206738
rps7eU23	false	false	false	false	0.7086330935251799	0.6991988772586398	0.844683485528556	0.8425683709869203	0.9628706941982466
rps7eC160	false	false	false	true	0.7161117717003567	0.7260537235204193	0.8179181260945709	0.7600420168067227	0.9411231199455824
ycf2eC172	false	false	false	true	0.504885993485342	0.5712701053799224	0.5054945054945055	0.4392999204455052	0.8534296028880867
ycf2eU3836	false	false	false	false	0.9414414414414415	0.9910569105691057	0.9721322099805574	0.9582272032603159	0.9969811320754717
ycf2eU4229	false	false	false	false	0.916058394160584	0.9842460615153789	0.9808450704225352	0.9622429906542056	0.9853515625
ycf2eU4484	false	false	false	false	0.8701754385964913	0.9318658280922432	0.8515981735159818	0.9532075471698114	0.945041816009558
ycf2eU4640	false	false	false	false	0.9647435897435898	0.9799107142857143	0.9331602855288773	0.940599173553719	0.9752530933633295
ccsAeU2	false	true	false	false	0.6266490765171504	0.6923348017621145	0.7013556750338095	0.7650395778364116	0.8577310155535224
ccsAeU446	false	false	false	false	0.8506024096385543	0.8974126876367202	0.8168731058110423	0.7581406609369326	0.9654262338347849
ccsAeU479	false	false	false	false	0.8395989974937343	0.866092690969042	0.836964795432921	0.8421326397919375	0.9608721624850657
ndhDeU299	false	false	false	false	0.7941696113074205	0.9609264219316213	0.9689531185174941	0.7610935568072538	0.9873687955879736
ndhGeU227	false	false	false	false	0.8500428449014568	0.9117785815379776	0.9264873057976506	0.9406504065040651	0.9817417999676846
ndhIeU2	false	true	false	false	0.5	0.5295315682281059	0.35177453027139877	0.3207054212932724	0.4845360824742268
ndhHeU2	false	true	false	false	0.40683229813664595	0.7508509189925119	0.5781346510191476	0.35745422842197033	0.5414612281488121
petNeU35	false	false	false	false		0.919399637487449	0.91355431251374	0.9141011623892278	0.9664279784142797
ndhBeU1442	false	false	false	false	0.966321243523316	0.9639825648084424		0.8927973199329984	0.9893793103448276
ndhBeU1157	false	false	false	false	0.8632661808829832	0.9462537007515373		0.9582620595278823	0.9324120311229822
atpIeU719	false	false	false	false	0.9843153300600109	0.9893531669449444		0.9536770550667434	0.991393020862569
rpoBeU2153	false	false	false	false	0.726890756302521	0.8519337016574585		0.7057627118644068	0.8836930455635491
psaBeU2	false	true	false	false	0.9496331828442438	0.9429749538926104		0.9351741946231857	0.9867091367574844
atpEeU8	false	false	false	false	0.8129611806223933	0.9569070278684272		0.9643852911778631	0.95959385214549
accDeU178	false	false	false	false	0.8824742268041237	0.8562174341642023		0.9451010886469673	0.9776247848537005
rpoAeU446	false	false	false	false	0.7553807947019867	0.9467401285583104		0.5160290824308985	0.9913110805230557
rpl22eU128	false	false	false	false	0.8230277185501066	0.9217486338797815		0.7954713431431835	0.945141728952193
rps19eU2	false	true	false	false	0.6728571428571428	0.9413674173260296		0.5897623697916666	0.9432794340576048
rpl23eC160	false	false	false	true	0.6501256281407035	0.7477894164059312		0.846829821411698	0.9377619121527239
ndhBeU1154	false	false	false	false		0.9383846794338052		0.9365626616100672	0.9316857076241548
accDeU2	false	true	false	false			0.7926421404682275	0.8835450264021693	0.9604007633587787
pbf1eU17	false	false	false	false			0.8781112217323283	0.8586706646676662	0.7914473684210527
ycf2eU4657	false	false	false	false			0.833578792341679	0.3511039310716209	0.9876543209876543
ycf1eC958	false	false	false	true			0.4030327214684757	0.9369619550124966	0.9118406492069348
ndhFeU229	false	false	false	false			0.956343792633015	0.8764623303696771	0.9407699901283317
atpIeU331	false	false	false	false	0.9722151414733622	0.9898960505682461	0.9770152378736768		0.992007231552405
rps2eU16	false	false	false	false	0.8621794871794872	0.8792184724689165	0.734602142310635		0.19863403528742174
rpoC1eU1480	false	false	false	false	0.7668711656441718	0.7220843672456576	0.8408408408408409		0.9463087248322147
rpoC1eU419	false	false	false	false	0.7679738562091504	0.8989101841413003	0.8522875816993464		0.9564541213063764
rpoBeU3191	false	false	false	false	0.8438818565400844	0.9399243140964996	0.8454258675078864		0.8640776699029126
rpoBeU2524	false	false	false	false	0.7985074626865671	0.8654770075497598	0.857379767827529		0.8598233995584988
rpoBeU2291	false	false	false	false	0.6497695852534562	0.7781475318912923	0.8419182948490231		0.9065040650406504
rpoBeU455	false	false	false	false	0.6106666666666667	0.7433177768349597	0.7938718662952646		0.6710097719869706
psbMeU2	false	true	false	false	0.9467922049485439	0.9335124456736468	0.9470443877332452		0.9735537190082645
atpBeU590	false	false	false	false	0.901355421686747	0.9747993090133117	0.9897194491789086		0.9959642599087112
cemAeU1223	false	false	false	false	0.9220821209182024	0.8932304492967766	0.6054671968190855		0.9536691077566881
psbFeU83	false	false	false	false	0.8845560242823336	0.9509989174924256	0.9782641190901178		0.9422840700668024
psbFeU81	false	false	false	false	0.25756646216768914	0.11955545288878622	0.12533764572078476		0.9443732829959719
petGeU62	false	false	false	false	0.7828236586705731	0.9543860674419964	0.9331746117634327		0.9917058776616955
clpP1eU312	false	false	false	false	0.908506075768406	0.8955929856945085	0.8406579916523447		0.7092400100708557
clpP1eU248	false	false	false	false	0.9255740300870943	0.9583254404243228	0.9220751942869145		0.9686423009828532
petBeU506	false	false	false	false	0.967731603811354	0.9847973517620885	0.9830900941091496		0.9564674868189806
rpoAeU200	false	false	false	false	0.5576086956521739	0.534377070907886	0.9642411642411642		0.6603689510738794
rpl36eU2	false	true	false	false	0.6678098971092602	0.9182383627608347	0.710124826629681		0.9942614240170032
ycf2eU3257	false	false	false	false	0.8987341772151899	0.9755381604696673	0.9541984732824428		0.9888123924268503
ccsAeU910	false	false	false	false	0.7359192348565357	0.9057709923664122	0.7918211748397158		0.9410958904109589
ndhDeU157	false	false	false	false	0.6700564971751413	0.9310555216595485	0.8463792381749686		0.8238913643114789
ndhDeU113	false	false	false	false	0.628999319264806	0.813159268929504	0.8560341482343811		0.8182204289658102
ndhEeU104	false	false	false	false	0.7620396600566572	0.8561904761904762	0.814375		0.8554773427188738
ndhEeU77	false	false	false	false	0.9123343527013251	0.9689509869150588	0.950916730328495		0.984409310496267
ndhIeU328	false	false	false	false	0.7941176470588235	0.9240440020953379	0.9230769230769231		0.9301985981308412
ndhAeU782	false	false	false	false	0.4482758620689655	0.85	0.8428047662694775		0.912435957149511
ycf1eU2	false	true	false	false	0.22018348623853212	0.3236363636363636	0.22009569377990432		0.7667121418826739
chlNeU572	false	false	false	false	0.9354005167958657	0.9647385443201008	0.9669128685522128		0.9955736473935897
ndhBeU1027	false	false	false	false	0.7561923263720253	0.9459107201042685			0.9692869706399675
matKeU1289	false	false	false	false	0.5142314990512334	0.5336734693877551			0.8325123152709359
atpIeU694	false	false	false	false	0.9780517137702947	0.9875896926756622			0.9803605514316013
atpIeU2	false	true	false	false	0.8801261829652997	0.9515977161173996			0.9465953963209092
rpoC2eU3509	false	false	false	false	0.5933333333333334	0.9294403892944039			0.946969696969697
rpoC2eU3494	false	false	false	false	0.7647058823529411	0.9363207547169812			0.9591836734693877
rpoC2eU895	false	false	false	false	0.8507042253521127	0.8571428571428571			0.9122137404580153
rpoC1eU1364	false	false	false	false	0.8233256351039261	0.8802533103051238			0.8002812939521801
petNeU32	false	false	false	false	0.912008281573499	0.9229432964297752			0.9514318088174701
ndhCeU350	false	false	false	false	0.7507861635220126	0.9435878149680331			0.8914066585323339
cemAeU1424	false	false	false	false	0.9768083931529542	0.8970040772912604			0.9773478055686645
psbEeU2	false	true	false	false	0.9395767588639317	0.974942466301691			0.9668783464076702
ycf2eU87	true	false	false	false	0.3958333333333333	0.17065868263473055			0.5122777307366638
ndhFeU1205	false	false	false	false	0.5530393325387366	0.9734607218683652			0.966848095002474
ndhFeU1070	false	false	false	false	0.684964200477327	0.9768637532133676			0.9356020942408377
ccsAeU60	false	false	false	false	0.3594624860022396	0.17684940554821665			0.643557168784029
ccsAeU147	true	false	false	false	0.6765151515151515	0.6145722472370037			0.3150718889439762
ccsAeU148	false	false	false	false	0.7926646706586826	0.9396248054395019			0.9556977602756583
ccsAeU341	false	false	false	false	0.906372374510502	0.9002543782408766			0.9653409090909091
ccsAeU389	false	false	false	false	0.9170787371624192	0.9510375140549934			0.9837852949398938
ccsAeU769	false	false	false	false	0.8126843657817109	0.9083516483516484			0.9173770491803279
ndhDeU557	false	false	false	false	0.7738883632923368	0.8988845560895983			0.9703917674670518
ndhAeU1081	false	false	false	false	0.38823529411764707	0.84992784992785			0.8899789768745621
ycf2eU4439	false	false	false	false	0.1736111111111111				0.09685695958948044
rpoC1eU2	false	true	false	false			0.8628318584070797		0.8694029850746269
ndhIeU208	false	false	false	false			0.9539603960396039		0.9146678966789668
matKeU2	false	true	false	false				0.5353075170842825	0.8354430379746836
rpoC2eU3403	false	false	false	false				0.8511627906976744	0.935251798561151
rpoC1eU1481	false	false	false	false				0.887887323943662	0.9434276206322796
rpoBeC1732	false	false	false	true				0.6004228329809725	0.7961165048543689
pafIeU352	false	false	false	false				0.9451733833177132	0.9970762052877138
pafIeU65	false	false	false	false				0.8367459878251245	0.9843107643258663
atpEeU71	false	false	false	false				0.9776424159231297	0.9662366645814665
pafIIeU228	true	false	false	false				0.1337492522006666	0.5617441120305537
psaJeU74	false	false	false	false				0.7013142174432497	0.9857743428595694
clpP1eU515	false	false	false	false				0.8408808933002482	0.9916023464032109
ndhGeU188	false	false	false	false				0.7354583527221964	0.9488636363636364
ndhGeU83	false	false	false	false				0.6737758433079434	0.953957100591716
chlBeC382	false	false	false	true	0.6933128362797848	0.756941383869546	0.677710843373494	0.4426627793974733	
chlBeU296	false	false	false	false	0.8661921708185053	0.9009345794392524	0.7721011770598547	0.6905215074229158	
atpAeU880	false	false	false	false	0.9779081133919844	0.99310901537674	0.99263291450088	0.984224658760349	
atpAeU230	false	false	false	false	0.917938144329897	0.9804454996620007	0.978887435017859	0.9810077901587615	
atpAeU170	false	false	false	false	0.8996563573883162	0.9829122807017544	0.9919687930243231	0.9797139438144624	
atpAeU101	false	false	false	false	0.940756602426838	0.974360041623309	0.9869798630108809	0.9541700029499768	
atpHeU2	false	true	false	false	0.9522789248149591	0.9429827632076396	0.9717475056801343	0.9110156489720773	
atpIeU485	false	false	false	false	0.9648131267092069	0.9757848518111965	0.9805038491789213	0.9592840224267682	
atpIeU78	false	false	false	false	0.9846153846153847	0.955125526375004	0.9817329273983866	0.7066501253521491	
rps2eU29	false	false	false	false	0.8742454728370221	0.9903065234477338	0.9880952380952381	0.9734848484848485	
rpoC2eC3760	false	false	false	false	0.5769854132901134	0.7418181818181818	0.8708971553610503	0.9265517241379311	
rpoC2eU3407	false	false	false	false	0.8773885350318471	0.9639945652173914	0.8805194805194805	0.9528535980148883	
rpoC2eC715	false	false	false	true	0.4888888888888889	0.7339055793991416	0.6628242074927954	0.6495882891125343	
rpoC2eU332	false	false	false	false	0.6354166666666666	0.7170923379174853	0.7946428571428571	0.7059352517985612	
rpoC1eC1157	false	false	false	false	0.7981220657276995	0.7606577344701584	0.7285714285714285	0.7167343256653135	
rpoC1eU913	false	false	false	false	0.7011494252873564	0.8499005964214712	0.9242819843342036	0.8233995584988962	
rpoC1eU677	false	false	false	false	0.6868131868131868	0.6976102941176471	0.8597122302158273	0.9113012156686178	
rpoC1eU485	false	false	false	false	0.828125	0.9223021582733812	0.7227979274611399	0.7862694300518135	
rpoBeC2596	false	false	false	true	0.684931506849315	0.6916890080428955	0.7726027397260274	0.6804245283018868	
rpoBeC2581	false	false	false	true	0.6623376623376623	0.8809152366094644	0.8072625698324022	0.7404479578392622	
rpoBeC2431	false	false	false	true	0.5347222222222222	0.7608267716535433	0.7051282051282052	0.6550279329608939	
rpoBeU1373	false	false	false	false	0.8063380281690141	0.8402154398563735	0.7905604719764012	0.6458132820019249	
rpoBeU818	false	false	false	false	0.7425531914893617	0.7620164126611958	0.7726377952755905	0.5678571428571428	
rpoBeC718	false	false	false	true	0.3392330383480826	0.45669745958429564	0.44600280504908835	0.4914877868245744	
rpoBeU68	false	false	false	false	0.5901639344262295	0.689208128941836	0.7021531100478469	0.41887466507889254	
rpoBeU2	false	true	false	false	0.6312949640287769	0.6450037565740045	0.6164978292329957	0.3767426045562734	
petNeU44	false	false	false	false	0.8918010752688172	0.9076689085479865	0.958873685285408	0.8384311905314458	
psbZeU170	false	false	false	false	0.8904142581888247	0.9628751804529099	0.9604342673649604	0.9254172015404365	
psbZeU2	false	true	false	false	0.9373601789709173	0.9258998435054773	0.9333896766519548	0.9101395613785246	
pafIeU427	false	false	false	false	0.9565035549979088	0.9471995332555426	0.9240506329113924	0.8253400853937047	
pafIeU226	false	false	false	false	0.8640776699029126	0.7629987908101572	0.8595450049455984	0.8865417376490631	
pafIeU115	false	false	false	false	0.7378815080789947	0.7327858496525584	0.8500451671183379	0.8544176706827309	
pafIeU107	false	false	false	false	0.7236842105263158	0.772289156626506	0.8460861917326298	0.7844342037890425	
rps4eU602	false	false	false	false	0.9380733944954128	0.9310625814863103	0.9488077007219426	0.9204391433992952	
rps4eU341	false	false	false	false	0.9286282833642876	0.9609924542780407	0.9660005964807635	0.8684145639845484	
rps4eU260	false	false	false	false	0.8611111111111112	0.8891384646101628	0.9833467325140691	0.9223087494273935	
rps4eU2	false	true	false	false	0.5943297164858243	0.8126463700234192	0.8482296321760056	0.7398265510340227	
ndhCeU238	false	false	false	false	0.734	0.8917857297017309	0.8191193461423253	0.6505808117022802	
atpEeC58	false	false	false	false	0.75544576689872	0.906246253446829	0.988050944476245	0.8295159817351598	
atpBeU1415	false	false	false	false	0.9544243859129921	0.9784088413964722	0.9903057550798194	0.9894356356319055	
atpBeU1061	false	false	false	false	0.9561599350517557	0.9697953989887151	0.9718438007180445	0.955971576288392	
atpBeU86	false	false	false	false	0.9438142502658632	0.9754753924269074	0.9831215013696766	0.9786622241493416	
atpBeU2	false	true	false	false	0.8260085643452784	0.9155813554965299	0.923730197615548	0.879712700305969	
accDeU173	false	false	false	false	0.8410596026490066	0.7262992575671046	0.8112257739743267	0.7185425351242859	
psbEeC52	false	false	false	true	0.8974233369256392	0.8921913812356145	0.8878062017416187	0.9601919736183494	
petGeU80	false	false	false	false	0.8746933383657294	0.9440190546221846	0.9745033112582782	0.6824627139813386	
rpl33eU38	false	false	false	false	0.8810545677498467	0.9536057186908683	0.9404542388126828	0.8373359316787986	
rpl20eC274	false	false	false	false	0.33858267716535434	0.8297923418557196	0.84214603912454	0.8250530785562633	
rpl20eU269	false	false	false	false	0.3743169398907104	0.9313714350641973	0.8958614051973051	0.7957034540859309	
clpP1eU311	false	false	false	false	0.8900634249471459	0.8421900161030595	0.8411445485939812	0.7294417767106842	
petBeU161	false	false	false	false	0.9597950677318513	0.9778058899038193	0.977417238200878	0.9638814404232728	
petBeU413	false	false	false	false	0.9477050413844996	0.9799184935356942	0.9844680966309176	0.9644218784368356	
petBeU593	false	false	false	false	0.9799257527842706	0.98149792776791	0.9843175545747108	0.9632518661786097	
petBeU602	false	false	false	false	0.9610946514891626	0.980451791145265	0.9845533655057465	0.9699564745997077	
rpoAeU596	false	false	false	false	0.8099226804123711	0.9823929571828731	0.9697783747481531	0.8767883571780957	
infAeU203	false	false	false	false	0.5157644259369423	0.837377292091128	0.5994263862332696	0.6422705809895298	
infAeC199	false	false	false	false	0.5601879036993541	0.9525963452144021	0.641885766092475	0.6630018407044426	
infAeU2	false	true	false	false	0.45891043397968606	0.91	0.6800465386852821	0.6189571002721735	
rpl16eU317	false	false	false	false	0.81875	0.8970129656983423	0.9870894677236693	0.9766504394563518	
rps12BeU229	false	false	false	false	0.7688622754491018	0.8858318541229627	0.9189338641893386	0.9217051231912398	
rps7eU134	false	false	false	false	0.8201277955271565	0.8423603595124936	0.9334606433132422	0.9492124718739955	
rps7eU320	false	false	false	false	0.8764553686934023	0.7561117918198261	0.9408125312924683	0.8555081893650438	
rps7eU377	false	false	false	false	0.862540192926045	0.879780760085439	0.9628875311156371	0.9340475779044985	
ycf2eU4247	false	false	false	false	0.9178082191780822	0.9872712808273667	0.9713182570325427	0.9583654587509638	
ycf2eU4409	false	false	false	false	0.7090909090909091	0.9367816091954023	0.95141065830721	0.8614293507910529	
ycf2eC5731	false	false	false	true	0.8898550724637682	0.9795005590756616	0.9615579160343956	0.9403341288782816	
ndhFeC1141	false	false	false	true	0.6178977272727273	0.9298873657556972	0.9215094339622641	0.7988599348534202	
ndhFeU1079	false	false	false	false	0.6361655773420479	0.9635297624962734	0.9574295560510845	0.867887184562098	
ndhFeU587	false	false	false	false	0.72564302416212	0.960444561127155	0.9626193001060446	0.8943151468904998	
rpl32eU101	false	false	false	false	0.7937784928935372	0.9144831642405529	0.8345887090759937	0.8942807625649913	
ccsAeU68	false	false	false	false	0.7599544937428896	0.869608084791718	0.5301671475733708	0.8219193770041228	
ccsAeU209	false	false	false	false	0.8879508825786646	0.9126051694080194	0.8752140770341515	0.8765756302521008	
ccsAeU904	false	false	false	false	0.7663956639566396	0.9451355086833724	0.8969792994179038	0.9008578564447822	
ndhDeU1196	false	false	false	false	0.9228714524207011	0.9703980730223124	0.9661684782608696	0.8960402966279558	
ndhDeU485	false	false	false	false	0.7237318840579711	0.8163834422657952	0.949995947807764	0.9081905360792328	
ndhDeU242	false	false	false	false	0.7178487918939984	0.9443514644351464	0.9536034642746675	0.6714129244249726	
ndhDeU108	true	false	false	false	0.4527588813303099	0.794268058810995	0.7704253882511817	0.5536277602523659	
ndhGeU146	false	false	false	false	0.6079484425349087	0.7148727675043465	0.8443579766536965	0.8204577968526466	
ndhIeU425	false	false	false	false	0.7494714587737844	0.9178258629572386	0.9652802893309222	0.9359593392630241	
ndhIeU31	false	false	false	false	0.8553719008264463	0.926490984743412	0.959114139693356	0.8566308243727598	
ndhAeU392	false	false	false	false	0.6441441441441441	0.8827616152844117	0.7701446280991735	0.8010733452593918	
ndhAeU2	false	true	false	false	0.44525547445255476	0.6224489795918368	0.44646235338630347	0.3652555498193082	
ndhHeU1145	false	false	false	false	0.7254901960784313	0.9475717439293598	0.9050493962678375	0.7255339496334077	
chlLeU2	false	true	false	false	0.3764705882352941	0.8586632609621115	0.9509671933678169	0.9672157709964894	
pbf1eU2	false	true	false	false	0.02134195634599838	0.33334699901607084	0.670628768303187	0.6582616434292495	
matKeC253	false	false	false	true		0.5262206148282098	0.6131386861313869	0.3702954269526508	
pbf1eU32	false	false	false	false		0.7605991668390109	0.7860827116146265	0.829185852846086	
ndhBeU1142	false	false	false	false	0.9108444063437634	0.9840826151098688		0.844268077601411	
ndhBeU503	false	false	false	false	0.8722986247544204	0.9178474309431802		0.9513373394603512	
ndhBeU362	false	false	false	false	0.8246268656716418	0.8270089285714286		0.9204693611473272	
ndhBeU338	false	false	false	false	0.674074074074074	0.9380384751563791		0.6792899408284023	
ndhBeU287	false	false	false	false	0.6704288939051919	0.9559164733178654		0.8945705824284303	
ndhBeU248	false	false	false	false	0.6376306620209059	0.9230300259106844		0.9182528551392507	
matKeU635	false	false	false	false	0.5392857142857143	0.8842443729903537		0.5686528497409327	
chlBeU563	false	false	false	false	0.9255639097744361	0.9199648197009674		0.582546749777382	
chlBeU416	false	false	false	false	0.903254972875226	0.9149087461483764		0.7093624353819644	
atpFeU479	false	false	false	false	0.920214964861513	0.8820384183774507		0.951494183481552	
rps2eU497	false	false	false	false	0.9097744360902256	0.9335547080483956		0.9839409722222222	
rpoC1eU1385	false	false	false	false	0.8080985915492958	0.9092516205067767		0.9020501138952164	
rpoC1eU898	false	false	false	false	0.8901960784313725	0.9192229038854806		0.888755980861244	
rpoC1eU356	false	false	false	false	0.8760757314974182	0.9079733052335792		0.8541516245487365	
rpoBeU2186	false	false	false	false	0.7030812324929971	0.6578512396694215		0.4328156650911546	
psbZeU187	false	false	true	false	0.878736983540477	0.9447801275595837		0.9471711456859971	
pafIeU52	false	false	false	false	0.5830508474576271	0.19472738166566805		0.29227193492155723	
ndhCeU266	false	false	false	false	0.8238866396761133	0.8763941421782563		0.5210066410346033	
atpBeU1421	false	false	false	false	0.9508244994110718	0.9721404434904936		0.9779472877380271	
atpBeU137	false	false	false	false	0.9170900692840647	0.9719109371176903		0.87959518863823	
accDeU65	false	false	false	false	0.7176820208023774	0.9202909531747234		0.9423520368946964	
accDeU875	false	false	false	false	0.8522522522522522	0.8784512154878451		0.9674810736407433	
psaIeU47	false	false	false	false	0.9914740431981811	0.9755044891596177		0.9472184276225918	
cemAeU1396	false	false	false	false	0.9555746140651801	0.9206266770535791		0.92078025477707	
petAeU17	false	false	false	false	0.8764880952380952	0.9559719241255293		0.9242957746478874	
psbEeU89	false	false	false	false	0.9410260983294692	0.978644825018615		0.9232858365266565	
rpl22eU131	false	false	false	false	0.8387096774193549	0.9358891054797488		0.8686399690462372	
rpl23eU2	false	true	false	false	0.44169246646026833	0.45760534429599176		0.8020276497695853	
rps7eU302	false	false	false	false	0.8153180975911056	0.9472172883362937		0.9565884510310243	
rps7eU317	false	false	false	false	0.9289508632138114	0.8736979166666666		0.8696353541416567	
ycf2eU2963	false	false	false	false	0.8734939759036144	0.797270955165692		0.8628318584070797	
ndhFeU1248	false	false	false	false	0.3639398998330551	0.21119721880205694		0.3905165767154973	
ndhFeU329	false	false	false	false	0.8041237113402062	0.9712864571557767		0.87	
ndhFeU254	false	false	false	false	0.723404255319149	0.9593029668026911		0.8406374501992032	
rpl21eU125	false	false	false	false	0.7382910260993922	0.9604657767679636		0.6891204148261955	
ccsAeU320	false	false	false	false	0.8337577300836668	0.6449978694190616		0.6676859099804305	
ndhDeU1301	false	false	false	false	0.9174174174174174	0.922756920548508		0.6713196329326613	
ndhDeU308	false	false	false	false	0.8074866310160428	0.9822683171629307		0.904320987654321	
ndhDeU19	false	false	false	false	0.67003367003367	0.8838151353341926		0.574519815220034	
ndhGeU116	false	false	false	false	0.6146044624746451	0.7767584097859327		0.8489005007620292	
ndhIeU380	false	false	false	false	0.746177370030581	0.9352172753932285		0.8924806746310612	
ndhAeU1091	false	false	false	false	0.45132743362831856	0.8410159924741298		0.7096774193548387	
ycf1eU4712	false	false	false	false	0.9485559566787004	0.9928564139197877		0.9396332863187589	
ndhBeU2	false	true	false	false	0.12903225806451613	0.6786450662739323		0.46290090952608903	
petDeU81	true	false	false	false	0.07007089283879585			0.06729155719782362	
ycf94eU64	false	false	false	false			0.8119457485654669	0.4556671449067432	
ycf94eU2	false	true	false	false			0.6565143824027073	0.39893702689644067	
rps2eU161	false	false	false	false			0.9672607432461732	0.9318833652007649	
psbZeU171	false	false	false	false			0.9621341857898542	0.7476110537190083	
clpP1eU79	false	false	false	false			0.7412204951065055	0.7099963383376052	
petBeU599	false	false	false	false			0.9871773651773457	0.9741051868429762	
rps3eU212	false	false	false	false			0.9872453835903293	0.9243178410794602	
ycf2eU1256	false	false	false	false			0.8301329394387001	0.76544315129812	
ycf2eU3835	false	false	false	false			0.234640522875817	0.338684619368203	
chlNeU194	false	false	false	false			0.9746854182087342	0.9653976630229928	
ndhGeU473	false	false	false	false			0.8753847907878235	0.7494181536074477	
ndhEeU252	true	false	false	false			0.07503387533875339	0.09234622006573799	
ndhDeU111	false	false	false	false			0.8265373016913596	0.47057502246181493	
ndhFeU892	false	false	false	false			0.966183574879227	0.787890625	
matKeU95	false	false	false	false	0.13020833333333334	0.7414772727272727	0.7715736040609137		
ycf94eU40	false	false	false	false	0.882480173035328	0.9136411702502644	0.8591648973814578		
chlBeU1469	false	false	false	false	0.7455197132616488	0.8562401263823065	0.7983870967741935		
chlBeU263	false	false	false	false	0.8634119583104772	0.8720956981826548	0.7501829714564527		
chlBeU112	false	false	false	false	0.8702908917501192	0.8832161418526444	0.8316831683168316		
psb30eU77	false	false	false	false	0.7802318295739349	0.7423221531474519	0.9206337826211644		
atpAeU1472	false	false	false	false	0.9529190207156308	0.9954224028968675	0.9948982654102395		
atpAeU1151	false	false	false	false	0.9444263893402665	0.9938265337205288	0.9953537486800422		
atpAeU389	false	false	false	false	0.9501456782130139	0.9859082446607232	0.9942663304514889		
atpAeU197	false	false	false	false	0.895176848874598	0.9795623487631216	0.9904573280518545		
atpFeU353	false	false	false	false	0.8545937737281701	0.9850642180507932	0.9190396596261966		
atpHeU44	false	false	false	false	0.960703489969772	0.9360897610162371	0.9843007491153086		
atpIeU656	false	false	false	false	0.9590052457742374	0.9544821399060368	0.987906680702098		
atpIeU566	false	false	false	false	0.974251497005988	0.9325934388771013	0.9930088437024458		
atpIeU533	false	false	false	false	0.9715815485996705	0.9381499726327313	0.9823373359396816		
atpIeU486	false	false	false	false	0.5860866372980911	0.1150722520967492	0.12545844248630628		
atpIeU127	false	false	false	false	0.982293868921776	0.98485601219742	0.980744762066333		
atpIeU79	false	false	false	false	0.9873949579831933	0.9782288956053725	0.9810985101178563		
rps2eC394	false	false	false	true	0.7299128751210068	0.9283745607386481	0.9538618280613235		
rps2eU322	false	false	false	false	0.9104771273979341	0.9650958634735586	0.9548734892618034		
rps2eU182	false	false	false	false	0.8235294117647058	0.5997402035072527	0.9357820018102997		
rps2eU179	false	false	false	false	0.8452380952380952	0.954651009946107	0.9276303042046115		
rpoC2eU4037	false	false	false	false	0.9317269076305221	0.9677966101694915	0.9478458049886621		
rpoC2eU3952	false	false	false	false	0.916988416988417	0.8991726990692864	0.9026275115919629		
rpoC2eU3938	false	false	false	false	0.8409961685823755	0.8568202348690154	0.9491298527443106		
rpoC2eU3815	false	false	false	false	0.8216957605985037	0.9501385041551247	0.9418439716312057		
rpoC2eU3686	false	false	false	false	0.6310240963855421	0.8913764510779436	0.8267045454545454		
rpoC2eU3634	false	false	false	false	0.8797996661101837	0.9376425855513308	0.9128329297820823		
rpoC2eU2564	false	false	false	false	0.8562300319488818	0.9029774127310062	0.8252551020408163		
rpoC2eU1420	false	false	false	false	0.8711111111111111	0.8950086058519794	0.910958904109589		
rpoC2eU1345	false	false	false	false	0.8342245989304813	0.9016129032258065	0.7413793103448276		
rpoC2eU1138	false	false	false	false	0.5704225352112676	0.8828671328671329	0.7553191489361702		
rpoC2eU913	false	false	false	false	0.7421686746987952	0.8523985239852399	0.8578680203045685		
rpoC2eU889	false	false	false	false	0.6791044776119403	0.8502080443828016	0.7796143250688705		
rpoC2eU737	false	false	false	false	0.5363984674329502	0.796	0.7884130982367759		
rpoC1eU1970	false	false	false	false	0.7309417040358744	0.857278782112274	0.7083333333333334		
rpoC1eU1459	false	false	false	false	0.7910863509749304	0.8764186633039092	0.8408408408408409		
rpoC1eU1454	false	false	false	false	0.8512396694214877	0.8847117794486216	0.8297872340425532		
rpoC1eU482	false	false	false	false	0.8477157360406091	0.9296187683284457	0.8549222797927462		
rpoC1eU410	false	false	false	false	0.7458677685950413	0.8752293577981651	0.8731155778894473		
rpoBeU3062	false	false	false	false	0.5833333333333334	0.8463316002310803	0.8257686676427526		
rpoBeU2974	false	false	false	false	0.5319148936170213	0.8397751229796205	0.8801089918256131		
rpoBeU2033	false	false	false	false	0.6805970149253732	0.8413751507840772	0.7210440456769984		
rpoBeC1684	false	false	false	true	0.36363636363636365	0.6150966936993137	0.6160337552742616		
rpoBeU1490	false	false	false	false	0.728125	0.8344788087056129	0.7899590163934426		
rpoBeU641	false	false	false	false	0.2055084745762712	0.6838189708617483	0.4798890429958391		
rpoBeC229	false	false	false	true	0.27547169811320754	0.5363321799307958	0.5272547076313181		
rpoBeU185	false	false	false	false	0.3840947546531303	0.5181347150259067	0.3108477666362808		
petNeU8	false	false	false	false	0.8582460957611121	0.8073635667182407	0.9361855856320801		
psaBeU1112	false	false	false	false	0.9753184713375797	0.9765231889584222	0.9827416384737271		
pafIeU239	false	false	false	false	0.8106151990349819	0.8239121594143961	0.8748753738783649		
pafIeU44	false	false	false	false	0.702755905511811	0.7619047619047619	0.9026217228464419		
ndhJeU167	false	false	false	false	0.9067318540804814	0.8790819182683336	0.7898170402707608		
ndhKeU143	false	false	false	false	0.8613207547169811	0.9597347511798793	0.8495103508119499		
ndhKeU2	false	true	false	false	0.7075098814229249	0.9131946301545703	0.9225434111274237		
ndhCeU200	false	false	false	false	0.784182944259171	0.9617087673428077	0.9378359632391191		
ndhCeU82	false	false	false	false	0.8824551244933411	0.8241307732226258	0.9385290889132821		
atpEeU146	false	false	false	false	0.8535558984429794	0.9500438713615381	0.9665196050344735		
atpBeU995	false	false	false	false	0.9709944751381215	0.985417229273562	0.9940048415159997		
atpBeU803	false	false	false	false	0.9188933105931401	0.9830723871492476	0.98832954208288		
atpBeU97	false	false	false	false	0.9319862890131697	0.9688340701351416	0.9698506142171709		
accDeU305	false	false	false	false	0.8449519230769231	0.7961379941993588	0.82816		
cemAeU1228	false	false	false	false	0.9615267175572519	0.8275049331286999	0.794485962431832		
cemAeU1301	false	false	false	false	0.9639115250291036	0.9329069721818967	0.8424174690508941		
psbJeU2	false	true	false	false	0.762795442951879	0.9594605378660921	0.9807639283107615		
psbFeU82	false	false	false	false	0.18225200527972382	0.09023937544249058	0.07584175824175825		
psbEeU50	false	false	false	false	0.9548000393043137	0.9769789657283449	0.9924922800329607		
petLeU92	false	false	false	false	0.9350614644575094	0.988442759728889	0.9775504661899158		
petGeU38	false	false	false	false	0.8437251787132645	0.9500817975185674	0.9105429522504126		
psaJeU77	false	false	false	false	0.9520610132558562	0.9585288362404528	0.9801784237268109		
rpl33eU143	false	false	false	false	0.9161769996402447	0.9371632246566726	0.9094182145487276		
rpl20eU24	true	false	false	false	0.7695716395864106	0.7961703199798438	0.7877213695395514		
clpP1eU566	false	false	false	false	0.8718487394957983	0.7741676694745286	0.8726145038167938		
petBeU127	false	false	false	false	0.9546635182998819	0.9822805322696251	0.983929327380049		
petBeU134	false	false	false	false	0.9518512756689483	0.9881379480687887	0.989295195011231		
petBeU167	false	false	false	false	0.9637699518621738	0.9861800402928603	0.9856230522421283		
petBeU284	false	false	false	false	0.9246556086589823	0.9864680808131763	0.985104967474867		
petBeU296	false	false	false	false	0.91455525606469	0.9654391498839676	0.9817256280670915		
petBeU305	false	false	false	false	0.9408892315600103	0.9774773615970365	0.9780372689494369		
petBeU494	false	false	false	false	0.9576271186440678	0.9911849544248298	0.9884474687837042		
petBeU503	false	false	false	false	0.9704325160869919	0.9863167625194427	0.9822789219314669		
petDeU112	false	false	false	false	0.9859380782040212	0.9818284385790967	0.9868681927028349		
petDeU227	false	false	false	false	0.986866662058478	0.9881590197513702	0.9919622218590207		
petDeU481	false	false	true	false	0.9551363900174115	0.9694054625018862	0.9685980712520922		
rpoAeU962	false	false	false	false	0.43066088840736727	0.9155149934810952	0.8237596086652691		
rpoAeU926	false	false	false	false	0.31172140430351075	0.7372714486638537	0.7175910731867411		
rpoAeU827	false	false	false	false	0.6434735706580367	0.9907619134729717	0.9682659614658103		
rpoAeU281	false	false	false	false	0.39423805913570886	0.8848760264689468	0.8937759336099586		
rpoAeU158	false	false	false	false	0.5139388489208633	0.9284471853257432	0.9320675105485232		
rpoAeU85	false	false	false	false	0.3876889848812095	0.9540055248618785	0.9402867805932037		
rps11eU281	false	false	false	false	0.7236480293308891	0.9945075521158407	0.9758620689655172		
infAeU101	false	false	false	false	0.739387426114992	0.981757019019278	0.8606158833063209		
infAeU80	false	false	false	false	0.7594654788418709	0.9388206048888275	0.8353131749460043		
rps8eU115	true	false	false	false	0.8424242424242424	0.815933275812482	0.38386901152213465		
rps8eU113	false	false	false	false	0.8607594936708861	0.9378740381875178	0.9620253164556962		
rpl14eU332	false	false	false	false	0.6677018633540373	0.9780919490610835	0.8382729601170874		
rps3eU452	false	false	false	false	0.9132602193419741	0.9858717151737779	0.8701574187786089		
rps3eU2	false	true	false	false	0.8351648351648352	0.8742311770943796	0.9265108443882922		
rps7eU98	false	false	false	false	0.9714411247803163	0.9284194445959955	0.87674273427204		
ycf2eU1967	false	false	false	false	0.6390041493775933	0.829683698296837	0.7956909361069836		
ycf2eU3215	false	false	false	false	0.9154929577464789	0.8707926167209555	0.9548989113530326		
ycf2eU3258	false	false	false	false	0.2976190476190476	0.3960975609756098	0.15208503679476695		
ycf2eU3323	false	false	false	false	0.947136563876652	0.973655323819978	0.9098143236074271		
ycf2eU3401	false	false	false	false	0.8971631205673759	0.9697766097240473	0.973397823458283		
ycf2eU5749	false	false	false	false	0.6306068601583114	0.42950191570881224	0.2764589515331355		
ycf2eU5750	false	false	false	false	0.925531914893617	0.971727343144849	0.963220675944334		
ndhFeU1337	false	false	false	false	0.6444723618090452	0.9796737766624843	0.9632627646326276		
ndhFeU743	false	false	false	false	0.8810432569974554	0.9775854272979781	0.972264728385616		
ndhFeU598	false	false	false	false	0.6567272727272727	0.9566277212742709	0.9557544757033248		
ndhFeU448	false	false	false	false	0.6474358974358975	0.954076685764654	0.9556425309849967		
ndhFeU419	false	false	false	false	0.7596017069701281	0.9499653139091224	0.9632914002887193		
ndhFeU334	false	false	false	false	0.8208722741433022	0.9681788152389341	0.9627232720683406		
ccsAeU12	true	false	false	false	0.27923976608187134	0.12257550261270038	0.0609853189388873		
ccsAeU143	false	false	false	false	0.7487883683360258	0.9232436036336361	0.7471747556914342		
ccsAeU425	false	false	false	false	0.8717413972888426	0.8859047116272931	0.9122807017543859		
ccsAeU431	false	false	false	false	0.8427216954824317	0.8418289360005317	0.8833720030935808		
ccsAeU449	false	false	false	false	0.852263701350278	0.9250705084228981	0.9135332118601954		
ccsAeU713	false	false	false	false	0.8384074941451991	0.9342725843511912	0.35096450068723634		
ccsAeU817	false	false	false	false	0.6071229827490262	0.863243954033503	0.8226361031518624		
ndhDeU1208	false	false	false	false	0.9395924308588064	0.9458448920516223	0.9543565727854363		
ndhDeU121	false	false	false	false	0.464922711058264	0.6813787305590584	0.6751479289940828		
ndhEeU37	false	false	false	false	0.6612595419847328	0.8335617779518308	0.8668381480015829		
ndhEeU35	false	false	false	false	0.6513409961685823	0.8281036834924966	0.8633280127693536		
ndhGeU317	false	false	false	false	0.7267384916748286	0.75081873843087	0.9460445718754072		
ndhGeU170	false	false	false	false	0.695	0.7856819211599456	0.8707991038088125		
ndhIeU98	false	false	false	false	0.700920245398773	0.852365930599369	0.9686411149825784		
ndhAeU803	false	false	false	false	0.43373493975903615	0.7420091324200914	0.8971354166666666		
ndhAeU473	false	false	false	false	0.6146788990825688	0.8747530620308178	0.8168462291870715		
ndhAeU377	false	false	false	false	0.5380434782608695	0.8483554036736437	0.847196261682243		
ndhAeU334	false	false	false	false	0.20967741935483872	0.9079804560260586	0.8488997555012225		
ndhHeU1183	false	false	true	false	0.7142857142857143	0.8374637914386869	0.8144690781796966		
ndhHeC1099	false	false	false	false	0.313953488372093	0.8571428571428571	0.6101808439383791		
ndhHeU1082	false	false	false	false	0.49107142857142855	0.8823529411764706	0.7102167182662539		
ndhHeU1025	false	false	false	false	0.36065573770491804	0.9048991354466859	0.8478787878787879		
ndhHeU845	false	false	false	false	0.49140893470790376	0.9075175770686857	0.8702728578267114		
ycf1eC5332	false	false	false	false	0.8944213923467036	0.882563856134255	0.6839276115391507		
ycf1eU4673	false	false	false	false	0.9734513274336283	0.9668815943728019	0.9237199582027168		
chlNeU1055	false	false	false	false	0.9332452081956378	0.9656431404481101	0.9692839506172839		
chlNeU85	false	false	false	false	0.886986301369863	0.9476206450376192	0.9750425186884468		
chlLeU431	false	false	false	false	0.675531914893617	0.9739199157007377	0.982276458197138		
chlLeU407	false	false	false	false	0.6331360946745562	0.9738931028400071	0.9899601155274378		
chlLeU685	true	false	false	false	0.18864097363083165		0.28685386088066367		
pbf1eU61	false	false	false	false		0.6904372759856631	0.8015616585891222		
rps11eU116	false	false	false	false		0.9914338919925512	0.9644500209117524		
ndhDeU148	false	false	false	false		0.06930310446992143	0.25811810904697174		
ndhBeU1164	true	false	false	false	0.105	0.10251405371642723			
ndhBeU1156	false	false	false	false	0.10587226746678097	0.174573055028463			
ndhBeU1150	false	false	false	false	0.8855160450997398	0.9589842247018084			
ndhBeU1149	true	false	false	false	0.5438290449193197	0.5839107005388761			
ndhBeU799	false	false	false	false	0.8902255639097745	0.8601493550577054			
ndhBeU749	false	false	false	false	0.8654028436018958	0.9038512150188613			
ndhBeU551	false	false	false	false	0.743421052631579	0.8771016217824729			
ndhBeU520	false	false	false	false	0.7514910536779325	0.9185735512630014			
ndhBeU431	false	false	false	false	0.7531847133757962	0.9217930793428871			
ndhBeU416	false	false	false	false	0.7588996763754046	0.9555536524792326			
ndhBeU379	false	false	false	false	0.6593406593406593	0.9366012480781405			
ndhBeU350	false	false	false	false	0.7219047619047619	0.8377212891511575			
ndhBeU268	false	false	false	false	0.6809815950920245	0.9537351443123939			
matKeU1493	false	false	false	false	0.6970873786407767	0.9025304592314901			
matKeU1280	false	false	false	false	0.7645687645687645	0.7997835497835498			
matKeU1146	false	false	false	false	0.2757475083056478	0.3634686346863469			
matKeU1145	false	false	false	false	0.7	0.9593721144967683			
ycf94eU122	false	false	false	false	0.7342549923195084	0.6386328725038403			
rps16eU212	false	false	false	false	0.7490421455938697	0.9437849162011173			
chlBeU1231	false	false	false	false	0.8922040423484119	0.8965212264150944			
chlBeU1128	true	false	false	false	0.31696905016008536	0.09837278106508876			
chlBeU1060	false	false	false	false	0.8906542056074767	0.8847262247838616			
chlBeU894	true	false	false	false	0.17647058823529413	0.33175355450236965			
chlBeU812	false	false	false	false	0.7550274223034735	0.8284584980237154			
chlBeU521	false	false	false	false	0.8904109589041096	0.9195501730103807			
chlBeU372	true	false	false	false	0.4735973597359736	0.4136944077498899			
chlBeU362	false	false	false	false	0.7323232323232324	0.860595957491144			
atpAeU443	false	false	false	false	0.9564643799472295	0.9781442919008569			
atpAeU233	false	false	false	false	0.9326884320838371	0.9870949619127877			
atpFeU467	false	false	false	false	0.9160272804774083	0.9251276416984424			
atpFeU106	true	false	false	false	0.6819923371647509	0.6101522842639594			
atpFeU72	true	false	false	false	0.49444197421076036	0.38363679356821945			
atpHeU224	false	false	false	false	0.9853201137499039	0.9871753819880621			
atpIeU653	false	false	false	false	0.9707252162341983	0.975658127729902			
atpIeU650	false	false	false	false	0.9680181314530345	0.9776047442264114			
atpIeU632	false	false	false	false	0.9746341463414634	0.9634983657621691			
atpIeU614	false	false	false	false	0.9690438871473355	0.9679488617247953			
atpIeU587	false	false	false	false	0.9497777777777778	0.9487108719151774			
atpIeU575	false	false	false	false	0.9578150351541374	0.9470884586860343			
atpIeU556	false	false	false	false	0.9616995810891682	0.8862295081967213			
atpIeU518	false	false	false	false	0.9725792630676949	0.9783123695639911			
atpIeU432	true	false	false	false	0.3977987421383648	0.08230723374514358			
atpIeU228	true	false	false	false	0.14341608202914194	0.06341009143244158			
atpIeU149	false	false	false	false	0.9783585136790527	0.9406550507673298			
atpIeU77	false	false	false	false	0.9820374015748031	0.950095072351671			
rps2eU583	false	false	false	false	0.9349195241427571	0.9698167845408476			
rps2eU311	false	false	false	false	0.8323262839879154	0.9566310496543055			
rps2eU248	false	false	false	false	0.8612391193036354	0.9658132530120482			
rpoC2eU4114	false	false	false	false	0.7672131147540984	0.6951566951566952			
rpoC2eU2664	true	false	false	false	0.3597640891218873	0.08361774744027303			
rpoC2eU2462	false	false	false	false	0.6611764705882353	0.8857615894039735			
rpoC2eU2252	false	false	false	false	0.8506666666666667	0.9382940108892922			
rpoC2eU2090	false	false	false	false	0.8	0.9212481426448736			
rpoC2eU2071	false	false	false	false	0.6455696202531646	0.1274074074074074			
rpoC2eU2039	false	false	false	false	0.7457983193277311	0.6387195121951219			
rpoC2eU2018	false	false	false	false	0.8736842105263158	0.623718887262079			
rpoC2eC1822	false	false	false	false	0.6135265700483091	0.8663484486873508			
rpoC2eU1712	false	false	false	false	0.3674418604651163	0.14563106796116504			
rpoC2eU1206	true	false	false	false	0.4157509157509158	0.4975369458128079			
rpoC2eU752	false	false	false	false	0.628140703517588	0.760914760914761			
rpoC2eU658	false	false	false	false	0.7852112676056338	0.783427495291902			
rpoC2eU366	true	false	false	false	0.16666666666666666	0.12949640287769784			
rpoC1eU1889	false	false	false	false	0.6086956521739131	0.8381330685203575			
rpoC1eU1550	false	false	false	false	0.7212806026365348	0.75			
rpoBeU2843	false	false	false	false	0.45569620253164556	0.8052970651395849			
rpoBeU2699	false	false	false	false	0.8547297297297297	0.6967684816290394			
rpoBeU1955	false	false	false	false	0.782051282051282	0.87455919395466			
rpoBeU1949	false	false	false	false	0.7121951219512195	0.8546453546453546			
rpoBeU376	false	false	false	false	0.6496674057649667	0.6833652007648183			
petNeU86	false	false	false	false	0.9099655109820294	0.9162431803117086			
psbDeU815	false	false	false	false	0.9877932024892293	0.994199618023626			
rps14eU248	false	false	false	false	0.6426666666666667	0.9274268214514636			
rps14eU2	false	true	false	false	0.7901602683563176	0.7408329755259768			
pafIeU478	false	false	false	false	0.8831562974203339	0.8210681483161356			
pafIeU403	false	false	false	false	0.8860035211267606	0.6643378519290928			
ndhJeU448	false	false	false	false	0.8366925064599483	0.8787965105928431			
ndhJeU296	false	false	false	false	0.7416107382550335	0.9086007865026006			
ndhJeU125	false	false	false	false	0.8467607973421927	0.9064540156859309			
ndhKeU13	false	false	false	false	0.6731651376146789	0.4711511865906954			
ndhCeU7	true	false	false	false	0.7190043082814744	0.5117512574302697			
atpBeU1463	false	false	false	false	0.9109947643979057	0.9674849572021809			
atpBeU860	false	false	false	false	0.9513180486819514	0.9777249677840443			
atpBeU181	false	false	false	false	0.8640465793304222	0.969602822706551			
accDeU333	true	false	false	false	0.10846953937592868	0.06883179835191469			
accDeU716	false	false	false	false	0.8304347826086956	0.7977176801625762			
cemAeU1492	false	false	false	false	0.9452777777777778	0.7567976825334123			
petAeU93	true	false	false	false	0.1836053412462908	0.11637432107559434			
petAeU470	false	false	false	false	0.9598406903418519	0.9791907976195231			
petAeU702	true	false	false	false	0.15514705882352942	0.05668970690671382			
psbLeU76	false	false	false	false	0.8629076838032061	0.9836440032711994			
psbFeU19	false	false	false	false	0.9246304966492243	0.9782859732210724			
petLeU14	false	false	false	false	0.6406035665294925	0.7640463487829277			
rps18eU203	false	false	false	false	0.9462008193553374	0.8950038708250387			
rpl20eU346	false	false	true	false	0.41863517060367456	0.8712286838653257			
clpP1eU440	false	false	false	false	0.8484375	0.9732287099007616			
petDeU413	false	false	false	false	0.9430496510788482	0.7733841766270388			
rpoAeU927	false	false	false	false	0.263641425389755	0.7057780266965369			
rpoAeU800	false	false	false	false	0.10288513881328253	0.11048265460030166			
rpoAeU626	false	false	false	false	0.8052434456928839	0.9527680991095625			
rpoAeU420	true	false	false	false	0.6167088607594937	0.9273860742822021			
rpoAeU185	false	false	false	false	0.5773718924403856	0.8898170246618934			
rpoAeU161	false	false	false	false	0.6303833412210128	0.9657258064516129			
rpl36eU69	true	false	false	false	0.2841348811498065	0.19181130396083668			
rps8eU319	false	false	false	false	0.6005961251862891	0.9677172387393135			
rps8eU114	false	false	false	false	0.8653465346534653	0.9257960853052878			
rps8eU2	false	true	false	false	0.824	0.9432234432234432			
rpl22eU344	false	false	false	false	0.9269882659713168	0.9708926261319534			
rpl2eU562	false	false	false	false	0.7738693467336684	0.9200952057123427			
rpl23eU47	false	false	false	false	0.7100313479623824	0.7099656357388316			
ycf2eU1448	false	false	false	false	0.12	0.0994671403197158			
ycf2eU5596	false	false	false	false	0.8170731707317073	0.8213745080230094			
ndhFeU1803	true	false	false	false	0.18604651162790697	0.22322308233638283			
ndhFeU1653	true	false	false	false	0.306254493170381	0.19069367222663489			
ndhFeU1649	false	false	false	false	0.8283687943262411	0.9642665233745298			
ndhFeU1570	false	false	false	false	0.09254066180594504	0.16820037362485296			
ndhFeC1505	false	false	false	false	0.14622057001239158	0.660390047074647			
ndhFeU1268	false	false	false	false	0.8411214953271028	0.9640063846767757			
ndhFeU1265	false	false	false	false	0.8407871198568873	0.9780505649947159			
ndhFeU1246	false	false	false	false	0.7504105090311987	0.9829860860788696			
ndhFeU1062	true	false	false	false	0.21777777777777776	0.86536876802637			
ndhFeC622	false	false	false	false	0.599290780141844	0.9192150063051703			
ndhFeU350	false	false	false	false	0.7638888888888888	0.9586888657648283			
ndhFeU302	false	false	false	false	0.7075268817204301	0.9667798254122212			
ndhFeU253	false	false	false	false	0.5467695274831244	0.7236856607516808			
ndhFeU179	false	false	false	false	0.8548770816812054	0.9620092483452716			
rpl21eC277	false	false	false	true	0.7105062809288162	0.9551385846271073			
ccsAeU98	false	false	false	false	0.37384140061791965	0.8244703389830509			
ccsAeU430	false	false	false	false	0.8340587595212187	0.7530913442361388			
ccsAeU480	false	false	false	false	0.8668885191347754	0.917503917411743			
ccsAeU635	false	false	false	false	0.8231225296442688	0.8773726436631661			
ndhDeU906	true	false	false	false	0.37166666666666665	0.42330226364846874			
ndhDeU750	true	false	false	false	0.3340943683409437	0.6093810670187155			
ndhDeU629	false	false	false	false	0.8554752640355753	0.9299717414341222			
ndhDeU420	false	false	false	false	0.706060606060606	0.9113238215640238			
ndhDeU418	false	false	false	false	0.7245696400625978	0.933949442783365			
ndhDeU278	false	false	false	false	0.7552504038772213	0.9572476205336246			
ndhDeU128	false	false	false	false	0.6951934349355217	0.9637863534675615			
ndhEeU59	false	false	false	false	0.515748031496063	0.8084040092521203			
ndhEeU36	false	false	false	false	0.6501901140684411	0.8324576765907764			
ndhGeU431	false	false	false	false	0.5507347795661302	0.8255779343188808			
ndhGeU304	false	false	false	false	0.7138461538461538	0.7560321715817694			
ndhGeU143	false	false	false	false	0.6342213114754098	0.7325526190852983			
ndhGeU50	false	false	false	false	0.542649727767695	0.5134336378291241			
ndhAeU796	false	false	false	false	0.4166666666666667	0.747085201793722			
ndhAeU409	false	false	false	false	0.6273584905660378	0.8295454545454546			
ndhHeU1176	true	false	false	false	0.41825095057034223	0.6703539823008849			
ycf1eU4780	false	false	false	false	0.9612842304060434	0.9771697024643534			
ycf1eU1841	false	false	false	false	0.7243816254416962	0.9491958131222875			
ycf1eU466	false	false	false	false	0.8111702127659575	0.8660436137071651			
chlNeU1262	false	false	false	false	0.8906644238856182	0.9631995055496897			
chlNeU912	true	false	false	false	0.10611510791366907	0.25033855154108664			
chlNeU578	false	false	false	false	0.9630400832899532	0.9566871442258919			
chlNeU410	false	false	false	false	0.9704890387858347	0.9662503575173992			
chlNeU172	false	false	false	false	0.9010380622837371	0.9639597556593604			
chlLeU779	false	false	false	false	0.8910891089108911	0.9794631396841341			
chlLeU149	false	false	false	false	0.7382920110192838	0.9802631578947368			
ycf94eU92	false	false	false	false	0.6120058565153733				
chlBeU836	false	false	false	false	0.09415584415584416				
atpIeU213	true	false	false	false	0.09644670050761421				
atpIeU81	false	false	false	false	0.0701181201306861				
rps2eU525	true	false	false	false	0.104997476022211				
rps2eU402	true	false	false	false	0.09671084928816888				
rpoC2eU3788	false	false	false	false	0.20810810810810812				
rpoC2eU1419	true	false	false	false	0.1590909090909091				
rpoC2eU618	true	false	false	false	0.13023255813953488				
ndhKeU710	false	false	false	false	0.08222643896268185				
ndhKeU23	false	false	false	false	0.07292817679558011				
ndhCeU276	true	false	false	false	0.11128608923884514				
accDeU64	false	false	false	false	0.14006024096385541				
accDeU941	false	false	false	false	0.22170542635658916				
petAeU234	true	false	false	false	0.1666122182293368				
petLeU13	false	false	false	false	0.10905349794238683				
petBeU295	false	false	false	false	0.06782945736434108				
petBeU478	true	false	false	false	0.21579135405501965				
rps8eU105	true	false	false	false	0.09029649595687332				
ycf2eU3542	false	false	false	false	0.19718309859154928				
ycf2eU4400	false	false	false	false	0.7543859649122807				
ycf2eU5355	true	false	false	false	0.2127659574468085				
ccsAeC91	false	false	false	false	0.08012820512820513				
ccsAeU438	true	false	false	false	0.08409610983981694				
ccsAeU486	true	false	false	false	0.1520572450805009				
ndhDeU630	false	false	false	false	0.14378730330982095				
ndhEeU164	false	false	false	false	0.11421911421911422				
ycf1eU5127	true	false	false	false	0.29393272555800065				
ycf1eU3522	true	false	false	false	0.1271186440677966				
ycf1eU2132	false	false	false	false	0.21715817694369974				
ycf1eC1586	false	false	false	false	0.11858974358974358				
chlNeU420	true	false	false	false	0.07352941176470588				
chlLeU613	true	false	false	false	0.14156285390713477				
ndhBeU657	true	false	false	false		0.06160541586073501			
matKeU1196	false	false	false	false		0.14622178606476938			
ycf94eU20	false	false	false	false		0.40474308300395256			
rpoC2eU2930	false	false	false	false		0.10411899313501144			
rpl20eU18	true	false	false	false		0.061694406206982855			
petDeU65	false	false	false	false		0.9550312986214133			
ycf2eU5154	true	false	false	false		0.25240641711229944			
ndhFeU642	true	false	false	false		0.6277186140692965			
ndhFeU567	true	false	false	false		0.19151161921841142			
ndhFeU210	true	false	false	false		0.1919062832800852			
ndhFeU183	true	false	false	false		0.05899596921949432			
ccsAeU952	false	false	false	false		0.9563664006081338			
matKeU536	false	false	false	false			0.5964391691394659		
chlBeU1219	false	false	false	false			0.8115034168564921		
chlBeU194	false	false	false	false			0.7332535885167464		
atpAeU141	true	false	false	false			0.07170492648955377		
atpIeU623	false	false	false	false			0.9938472973530991		
atpIeU599	false	false	false	false			0.9899526939339389		
rpoC2eU3819	true	false	false	false			0.20923520923520925		
rpoC1eU1367	false	false	false	false			0.8436213991769548		
rpoBeU3008	false	false	false	false			0.8146143437077131		
rpoBeU1968	true	false	false	false			0.21266233766233766		
rpoBeU692	false	false	false	false			0.5661881977671451		
rps4eU408	true	false	false	false			0.17376153701262007		
cemAeU1340	false	false	false	false			0.7599330455466479		
petLeU2	false	true	false	false			0.7537045352492142		
rpl20eU327	true	false	false	false			0.06342072409488139		
petBeU318	true	false	false	false			0.06811030405252229		
petDeU116	false	false	false	false			0.9897522685330862		
petDeU153	true	false	false	false			0.08474099099099099		
rps11eU154	false	false	false	false			0.9279826464208243		
rpl14eU350	false	false	false	false			0.9547778214707039		
rps3eU64	false	false	false	false			0.9796180683070144		
rps7eU324	true	false	false	false			0.1353751033466336		
chlLeU316	false	false	false	false			0.44472138152038454		
chlLeU317	false	false	false	false			0.9868526250333126		
chlNeU39	true	false	false	false			0.9390335409319427		
chlNeU113	false	false	false	false			0.936609584112822		
ycf1eU3083	false	false	false	false			0.13210039630118892		
ndhHeU1023	true	false	false	false			0.4282238442822384		
ndhAeU573	true	false	false	false			0.0814006366530241		
ndhAeU1019	false	false	false	false			0.8308943089430895		
ndhAeU1073	false	false	false	false			0.7338444687842278		
ndhGeU38	false	false	false	false			0.5124083474337281		
ndhGeU410	false	false	false	false			0.7417238294065016		
ndhDeU110	false	false	false	false			0.08153603366649131		
ndhDeU112	false	false	false	false			0.8237442922374429		
ndhDeU186	true	false	false	false			0.07580580978909669		
ndhDeU298	false	false	false	false			0.4817001180637544		
ccsAeU888	true	false	false	false			0.11018189420865565		
ndhFeU519	true	false	false	false			0.42860659773510584		
ndhFeU1131	true	false	false	false			0.08142246404974737		
ndhFeU1904	false	false	false	false			0.1410958904109589		
ndhBeU1009	false	false	false	false				0.95699121522694	
ndhBeU1001	false	false	false	false				0.8546500835344347	
ndhBeU920	false	false	false	false				0.8930817610062893	
ndhBeU884	false	false	false	false				0.9179644048943271	
ndhBeU395	false	false	false	false				0.9099930118798043	
ndhBeU382	false	false	false	false				0.9457876558041748	
ndhBeU234	true	false	false	false				0.1669770328988206	
matKeU1309	false	false	false	false				0.9468659194686592	
matKeU1231	false	false	false	false				0.8814968814968815	
matKeU1230	true	false	false	false				0.8976608187134503	
matKeU47	false	false	false	false				0.1878589007383101	
matKeU46	false	false	false	false				0.0746987951807229	
rps16eU230	false	false	false	false				0.34019292604501605	
chlBeU134	false	false	false	false				0.6547172096403052	
atpAeC1027	false	false	false	true				0.9801702410956299	
atpAeU884	false	false	false	false				0.9816891634768204	
atpAeU161	false	false	false	false				0.9858402405330733	
atpFeU559	false	false	true	false				0.9236066054124197	
atpIeU695	false	false	false	false				0.9725951374207188	
atpIeU120	true	false	false	false				0.06596960486322188	
rps2eU442	true	false	false	false				0.11928843407900999	
rpoC2eU4118	false	false	false	false				0.08196721311475409	
rpoC2eU3470	false	false	false	false				0.871365035921998	
rpoC2eC3174	true	false	false	false				0.22622779519331243	
rpoC2eU2697	true	false	false	false				0.10168758113370835	
rpoC1eU1161	true	false	false	false				0.7749778956675508	
rpoC1eU929	false	false	false	false				0.8467900748326113	
rpoC1eU268	false	false	false	false				0.8445258445258446	
rpoC1eU90	true	false	false	false				0.7363154796939376	
rpoBeU2364	true	false	false	false				0.12992455993294216	
rpoBeU1554	true	false	false	false				0.08972046889089269	
rpoBeC1114	false	false	false	true				0.5680628272251309	
rpoBeU728	false	false	false	false				0.5010585744530699	
rpoBeU20	false	false	false	false				0.4830313014827018	
petNeU22	false	false	false	false				0.9501094217098394	
psbCeC1379	false	false	false	false				0.06112680477087257	
psbCeC1377	true	false	false	false				0.06829173921454827	
pafIeU386	false	false	false	false				0.44840236686390533	
pafIeU164	false	false	false	false				0.8488168273444348	
pafIeU53	false	false	false	false				0.8023917995444191	
ndhJeU349	false	false	false	false				0.582752273107603	
ndhKeU207	true	false	false	false				0.07945116329518954	
ndhKeU204	true	false	false	false				0.07965572062935146	
ndhCeU244	false	false	false	false				0.5885226775557824	
atpEeU230	false	false	false	false				0.9031195772203817	
atpBeU1217	false	false	false	false				0.9901486939756491	
atpBeU802	true	false	false	false				0.07247525649446243	
atpBeU470	false	false	false	false				0.9781980125627305	
atpBeU24	true	false	false	false				0.12255490063116165	
accDeU90	true	false	false	false				0.35229269851413963	
accDeU191	false	false	false	false				0.9012494354960109	
accDeU211	false	false	false	false				0.9506206896551724	
cemAeU1502	false	false	false	false				0.8263434463612929	
petLeU91	true	false	false	false				0.5372431857248097	
petGeU72	true	false	false	false				0.6100544949294453	
rpl20eU321	true	false	false	false				0.2777777777777778	
rpl20eU248	false	false	false	false				0.6831967213114755	
clpP1eU533	false	false	false	false				0.6740116655865198	
clpP1eU310	false	false	false	false				0.6690953248330298	
petBeU646	false	false	true	false				0.9263479405955081	
petDeU323	false	false	false	false				0.9253987654129987	
rpoAeU600	true	false	false	false				0.26940137549342774	
rpoAeU390	true	false	false	false				0.46009528680250866	
rpoAeU263	false	false	false	false				0.7893275846794436	
rps3eU36	true	false	false	false				0.3676959619952494	
psbAeC147	true	false	false	false				0.9695137474541752	
psbAeC165	true	false	false	false				0.8697334479793637	
psbAeC591	true	false	false	false				0.9900756045237749	
psbAeC603	true	false	false	false				0.0835861139197843	
psbAeU786	true	false	false	false				0.9724170172978027	
ycf2eU3226	false	false	false	false				0.6761363636363636	
ndhFeU1790	false	false	false	false				0.8660779985283297	
ndhFeU1249	false	false	false	false				0.9446153846153846	
ccsAeU235	false	false	false	false				0.7414677017723744	
ccsAeU445	false	false	false	false				0.06321428571428571	
ccsAeU515	false	false	false	false				0.0872290415252024	
ndhDeU998	false	false	false	false				0.859743411927878	
ndhDeU483	true	false	false	false				0.17085271317829456	
ndhEeU31	false	false	false	false				0.7939280515699729	
ndhGeU218	false	false	false	false				0.9365482233502538	
ndhIeU419	false	false	false	false				0.12446675031367628	
ndhIeC145	false	false	false	false				0.7776857221761945	
ndhAeU799	false	false	false	false				0.8107789142407553	
ndhAeU131	false	false	false	false				0.8490652074783401	
ycf1eU3564	true	false	false	false				0.10495626822157435	
ycf1eU2417	false	false	false	false				0.9423144565599718	
ycf1eU1796	false	false	false	false				0.9449324324324324	
ycf1eC1042	true	false	false	false				0.0630457933972311	
chlNeU1154	false	false	false	false				0.8680569773903887	
chlNeU899	false	false	false	false				0.9469972777067139	
matKeU1294	false	false	false	false					0.9462102689486552
matKeU1147	false	false	false	false					0.976
matKeU831	true	false	false	false					0.09706546275395034
matKeU783	true	false	false	false					0.24778761061946902
matKeU542	false	false	false	false					0.8306188925081434
matKeU323	false	false	false	false					0.9273255813953488
matKeC300	true	false	false	false					0.10191082802547771
matKeC280	false	false	false	false					0.12738853503184713
matKeC265	false	false	false	true					0.5700636942675159
matKeC259	false	false	false	true					0.8609271523178808
ycf94eU29	false	false	false	false					0.4138149556400507
rps16eU232	false	false	true	false					0.5725761772853185
chlBeU1161	true	false	false	false					0.06909697402906838
chlBeU1033	false	false	false	false					0.9702117756574354
chlBeU698	false	false	false	false					0.9686693697014376
chlBeU137	false	false	false	false					0.9408091229975564
psaMeU14	false	false	false	false					0.058462158215418704
atpIeU692	false	false	false	false					0.988065299859341
atpIeU659	false	false	false	false					0.9880087963155055
atpIeU572	false	false	false	false					0.9955572977917156
atpIeU481	false	false	false	false					0.9929933379278658
atpIeU352	false	false	false	false					0.9820925055651744
atpIeU344	false	false	false	false					0.9952409578198578
atpIeU315	false	false	false	false					0.06570315197553396
atpIeU314	false	false	false	false					0.9953460738686999
atpIeU41	false	false	false	false					0.9880763778871008
atpIeU9	true	false	false	false					0.9400055550411999
rps2eU698	false	false	false	false					0.06575554409489427
rps2eU695	false	false	false	false					0.14823951558645437
rpoC2eU3836	false	false	false	false					0.8168421052631579
rpoC2eU2294	false	false	false	false					0.931899641577061
rpoC2eU290	false	false	false	false					0.8588588588588588
rpoC1eU1366	true	false	false	false					0.19478737997256515
rpoC1eU1214	false	false	false	false					0.9565217391304348
rpoC1eU257	false	false	false	false					0.8606896551724138
rpoBeU2966	false	false	false	false					0.9289340101522843
rpoBeU2892	true	false	false	false					0.3516819571865443
rpoBeU2846	false	false	false	false					0.867330016583748
rpoBeU2636	false	false	false	false					0.8531746031746031
rpoBeU2635	false	false	false	false					0.8410596026490066
rpoBeU2216	false	false	false	false					0.8958333333333334
rpoBeU2003	false	false	false	false					0.9077922077922078
rpoBeU1154	false	false	false	false					0.7409551374819102
rpoBeC988	false	false	false	true					0.6363636363636364
rpoBeU979	false	false	false	false					0.6666666666666666
rpoBeU962	false	false	false	false					0.7330462863293864
rpoBeU950	false	false	false	false					0.717948717948718
rpoBeU854	false	false	false	false					0.6834782608695652
rpoBeU436	false	false	false	false					0.7245136186770428
rpoBeU238	false	false	false	false					0.5416068866571019
rpoBeU233	false	false	false	false					0.5392368610511159
rpoBeU215	false	false	false	false					0.6940509915014165
rpoBeU80	false	false	false	false					0.7397993311036789
petNeU31	false	false	false	false					0.6615016520451179
atpEeU267	true	false	false	false					0.5196159122085048
atpBeU678	true	false	false	false					0.19026580459770115
atpBeU591	false	false	false	false					0.059460315783915085
atpBeU503	false	false	false	false					0.9963466149103779
accDeU500	false	false	false	false					0.951126018207954
accDeU658	false	false	false	false					0.9189032855159648
accDeU759	true	false	false	false					0.10620705717945732
accDeU833	false	false	false	false					0.981105067277412
accDeU834	false	false	false	false					0.9289663972777541
accDeU891	true	false	false	false					0.07569249000148126
accDeU899	false	false	false	false					0.9279803861477168
psaIeU2	false	true	false	false					0.9296410913100701
pafIIeU132	true	false	false	false					0.8612876833029139
pafIIeU256	false	false	false	false					0.981495612361694
pafIIeU281	false	false	false	false					0.18319400403574518
cemAeU2	false	true	false	false					0.9057010087271903
cemAeU213	true	false	false	false					0.11210501858736059
cemAeU866	false	false	false	false					0.9694460308395203
cemAeU868	false	false	false	false					0.6497825171881577
cemAeU869	false	false	false	false					0.9541310141674849
cemAeU1024	false	false	false	false					0.9893552311435523
cemAeU1028	false	false	false	false					0.962196755469564
cemAeU1049	false	false	false	false					0.060633759902498474
cemAeU1231	false	false	false	false					0.9638097909945293
cemAeU1401	true	false	false	false					0.15852117126606277
petAeU621	true	false	false	false					0.8181468073634753
psbFeU80	false	false	false	false					0.9486332130086261
petLeU43	false	false	false	false					0.11609737506550426
petLeU44	false	false	false	false					0.9668845731736413
petLeU49	false	false	false	false					0.9640044994375703
petLeU50	false	false	false	false					0.9674397859054416
petLeU54	true	false	false	false					0.31276614234813593
petLeU55	false	false	false	false					0.8967839412907403
petLeU56	false	false	false	false					0.9539639755273178
petLeU62	false	false	false	false					0.9497152087052623
petLeU66	true	false	false	false					0.6420387031064335
psaJeU86	false	false	false	false					0.9697908286403861
clpP1eU573	true	false	false	false					0.13022351797862003
pbf1eU45	true	false	false	false					0.09284707540521495
pbf1eU37	false	false	false	false					0.8198030343359063
pbf1eU36	true	false	false	false					0.3335111111111111
pbf1eU29	false	false	false	false					0.8245267785054274
petBeU2	false	true	false	false					0.796225276856121
petBeU169	false	false	false	false					0.9735450502006577
petBeU172	false	false	false	false					0.9887135466342958
petBeU282	true	false	false	false					0.13530655391120508
petBeU610	false	false	false	false					0.10135777056448421
petBeU611	false	false	false	false					0.989774129723588
rpoAeU908	false	false	false	false					0.8578457684737878
rpoAeU852	true	false	false	false					0.2657159733355835
rpoAeU842	false	false	false	false					0.8830932273555224
rpoAeU797	false	false	false	false					0.8904827141590781
rpoAeU796	false	false	false	false					0.8813049137650505
rpoAeU526	false	false	false	false					0.9614918540460482
rps8eU118	true	false	false	false					0.06122781305976226
rps8eU9	true	false	false	false					0.0826284970722186
rpl14eC190	false	false	false	false					0.8847591941514593
rpl16eU410	false	false	false	false					0.08646108285585527
rps12BeU107	false	false	false	false					0.9553592187863288
rps7eU365	false	false	false	false					0.9920518239456032
ycf2eU1268	false	false	false	false					0.08512544802867383
ycf2eU1512	true	false	false	false					0.756360832690825
ycf2eU2112	true	false	false	false					0.1979964643488509
ycf2eU2210	false	false	false	false					0.7311696264543784
ycf2eU3652	false	false	false	false					0.9726027397260274
ycf2eC3805	false	false	false	true					0.9758190327613104
ycf2eU4121	false	false	false	false					0.9701321079839172
ycf2eU4408	false	false	false	false					0.9783783783783784
ycf2eU5287	false	false	false	false					0.9479467900520532
ycf2eU5467	false	false	false	false					0.9685890834191555
ycf2eU5783	false	false	false	false					0.8867924528301887
chlLeU297	true	false	false	false					0.16090257275411218
chlLeU612	true	false	false	false					0.5208425475453339
chlNeC226	false	false	false	true					0.979013104013104
chlNeU639	true	false	false	false					0.26091262283842465
chlNeU1058	false	false	false	false					0.08808916342151202
ycf1eU676	false	false	false	false					0.7160949868073878
ycf1eU3092	false	false	false	false					0.7063063063063063
ycf1eU3764	false	false	false	false					0.06668642560758743
ycf1eC3819	true	false	false	false					0.12418503570319776
ycf1eU4643	false	false	false	false					0.984643897272968
ycf1eU5288	false	false	false	false					0.9545754654694308
ndhHeU317	false	false	false	false					0.8440860215053764
ndhHeU431	false	false	false	false					0.9253891572732152
ndhAeU104	false	false	false	false					0.8627167630057804
ndhAeU137	false	false	false	false					0.8796004206098843
ndhAeU138	false	false	false	false					0.7624802942722018
ndhAeC151	false	false	false	true					0.5986707566462167
ndhAeU396	true	false	false	false					0.28350970017636684
ndhAeU536	false	false	false	false					0.9241823587710605
ndhAeU944	false	false	false	false					0.7220315717227179
ndhAeU1067	false	false	false	false					0.9292742927429274
ndhIeU14	false	false	false	false					0.8378571428571429
ndhIeU289	false	false	false	false					0.9210134128166915
ndhIeU303	true	false	false	false					0.25661284781861904
ndhIeU310	false	false	false	false					0.96843853820598
ndhIeU340	false	false	false	false					0.8794011644025506
ndhIeU404	false	false	false	false					0.988929889298893
ndhGeU122	false	false	false	false					0.9628021148036254
ndhGeU133	false	false	false	false					0.9660238751147842
ndhGeU432	true	false	false	false					0.07205085943018602
ndhEeU2	false	true	false	false					0.7831389183457051
ndhEeU12	true	false	false	false					0.3755631645341503
ndhEeU94	false	false	false	false					0.9594189531934517
ndhEeU110	false	false	false	false					0.8431952662721893
ndhEeU125	false	false	false	false					0.7619620824556124
ndhEeU126	false	false	false	false					0.7418117438772499
ndhEeU132	true	false	false	false					0.1570815450643777
ndhDeU211	false	false	false	false					0.9423883318140382
ndhDeU345	true	false	false	false					0.3828229027962716
ccsAeU932	false	false	false	false					0.9716216216216216
ccsAeU893	false	false	false	false					0.796271637816245
ccsAeU732	true	false	false	false					0.06356356356356356
ccsAeU71	false	false	false	false					0.9003115264797508
ccsAeU70	false	false	false	false					0.24597464885234668
ccsAeU59	false	false	false	false					0.11715328467153285
ndhFeU39	true	false	false	false					0.15655577299412915
ndhFeU161	false	false	false	false					0.9508264462809918
ndhFeU269	false	false	false	false					0.9279642058165548
ndhFeU323	false	false	false	false					0.9055415617128464
ndhFeC361	false	false	false	true					0.8493035035880118
ndhFeU485	false	false	false	false					0.8153846153846154
ndhFeC637	false	false	false	true					0.7088607594936709
ndhFeU701	false	false	false	false					0.892128279883382
ndhFeU707	false	false	false	false					0.9111880046136102
ndhFeU710	false	false	false	false					0.8947065592635213
ndhFeU1007	false	false	false	false					0.9173513774770421
ndhFeU1034	false	false	false	false					0.9413919413919414
ndhFeU1073	false	false	false	false					0.9544277576385293
ndhFeU1080	true	false	false	false					0.21612090680100757
ndhFeU1150	false	false	false	false					0.9498359118612283
ndhFeU1508	false	false	false	false					0.14876584389593062
ndhFeU1634	false	false	false	false					0.9631873252562908
ndhFeU1801	true	false	false	false					0.07822308063737325
ndhFeU2009	false	false	false	false					0.48948178553104155
ndhFeU2067	true	false	false	false					0.7995824634655533
ndhFeU2168	false	false	false	false					0.9662857142857143
ndhFeU2170	true	false	false	false					0.09351692484222604
ndhBeU1492	false	false	true	false					0.9836565434809124
ndhBeU1451	false	false	false	false					0.9832578564567037
ndhBeU1420	false	false	false	false					0.9871359909527848
ndhBeU1272	true	false	false	false					0.12015888778550149
ndhBeU1250	false	false	false	false					0.9729816147082334
ndhBeU1235	false	false	false	false					0.9867140429476287
ndhBeU1181	false	false	false	false					0.9373215984776403
ndhBeU1161	true	false	false	false					0.07868198874296435
ndhBeU1051	false	false	false	false					0.9503225806451613
ndhBeU1021	false	false	false	false					0.9727658409744081
ndhBeU779	false	false	false	false					0.970899854862119
ycf2eU2	false	true	false	false					0.000758150113722517
