refID	pos	ref	fA	fC	fG	fU	rA	rC	rG	rU	f_total	r_total	edited	unedited	total	editp	binomial	bBH
ar_chloroplast_1kb	60	G	0	0	11	0	0	103	0	2467	11	2570	2467	103	2570	0.9599221789883269	0.0	0.0
ar_chloroplast_1kb	338	G	0	0	31	0	0	5745	0	621	31	6366	621	5745	6366	0.09754948162111216	2.4066090139145612e-54	5.115488119976791e-52
ar_chloroplast_1kb	345	G	0	0	33	0	0	348	0	6214	33	6562	6214	348	6562	0.9469673879914661	0.0	0.0
ar_chloroplast_1kb	346	G	0	0	33	0	0	5429	0	1139	33	6568	1139	5429	6568	0.17341656516443363	1.4251814312904251e-289	3.2623937773009993e-287
ar_chloroplast_1kb	348	G	0	0	33	0	0	413	0	6180	33	6593	6180	413	6593	0.9373578037312301	0.0	0.0
ar_chloroplast_1kb	352	G	0	0	38	0	0	256	0	6239	38	6495	6239	256	6495	0.9605850654349499	0.0	0.0
ar_chloroplast_1kb	353	G	0	0	36	0	0	2715	0	3781	36	6496	3781	2715	6496	0.5820504926108374	0.0	0.0
ar_chloroplast_1kb	360	G	0	0	37	0	0	108	0	6323	37	6431	6323	108	6431	0.9832063442699425	0.0	0.0
ar_chloroplast_1kb	475	G	0	0	33	0	0	233	0	4387	33	4620	4387	233	4620	0.9495670995670996	0.0	0.0
ar_chloroplast_1kb	703	G	0	0	40	0	0	829	0	6014	40	6843	6014	829	6843	0.8788543036679819	0.0	0.0
ar_chloroplast_1kb	753	G	0	0	52	0	0	600	0	7869	52	8469	7869	600	8469	0.9291533829259653	0.0	0.0
ar_chloroplast_1kb	1199	G	0	0	69	0	0	397	0	5815	69	6212	5815	397	6212	0.9360914359304572	0.0	0.0
ar_chloroplast_1kb	1723	G	0	0	40	0	0	9703	0	637	40	10340	637	9703	10340	0.06160541586073501	8.998481432206327e-8	1.6570569916594602e-5
ar_chloroplast_1kb	1829	G	0	0	33	0	0	1652	0	11790	33	13442	11790	1652	13442	0.8771016217824729	0.0	0.0
ar_chloroplast_1kb	1860	G	0	0	29	0	0	1096	0	12364	29	13460	12364	1096	13460	0.9185735512630014	0.0	0.0
ar_chloroplast_1kb	1877	G	0	0	25	0	0	1148	0	12826	25	13974	12826	1148	13974	0.9178474309431802	0.0	0.0
ar_chloroplast_1kb	1949	G	0	0	21	0	0	895	0	10549	21	11444	10549	895	11444	0.9217930793428871	0.0	0.0
ar_chloroplast_1kb	1964	G	0	0	23	0	0	519	0	11158	23	11677	11158	519	11677	0.9555536524792326	0.0	0.0
ar_chloroplast_1kb	2001	G	0	0	24	0	0	701	0	10356	24	11057	10356	701	11057	0.9366012480781405	0.0	0.0
ar_chloroplast_1kb	2018	G	0	0	24	0	0	1550	0	7410	24	8960	7410	1550	8960	0.8270089285714286	0.0	0.0
ar_chloroplast_1kb	2030	G	0	0	23	0	0	1430	0	7382	23	8812	7382	1430	8812	0.8377212891511575	0.0	0.0
ar_chloroplast_1kb	2042	G	0	0	23	0	0	525	0	7948	23	8473	7948	525	8473	0.9380384751563791	0.0	0.0
ar_chloroplast_1kb	2093	G	0	0	19	0	0	342	0	7416	19	7758	7416	342	7758	0.9559164733178654	0.0	0.0
ar_chloroplast_1kb	2112	G	0	0	21	0	0	327	0	6741	21	7068	6741	327	7068	0.9537351443123939	0.0	0.0
ar_chloroplast_1kb	2132	G	0	0	28	0	0	505	0	6056	28	6561	6056	505	6561	0.9230300259106844	0.0	0.0
ar_chloroplast_1kb	2378	G	0	0	47	0	0	1091	0	2304	47	3395	2304	1091	3395	0.6786450662739323	0.0	0.0
ar_chloroplast_1kb	2607	G	0	0	21	0	0	104	0	963	21	1067	963	104	1067	0.9025304592314901	0.0	0.0
ar_chloroplast_1kb	2811	G	0	0	14	0	0	457	0	523	14	980	523	457	980	0.5336734693877551	0.0	0.0
ar_chloroplast_1kb	2820	G	0	0	14	0	0	185	0	739	14	924	739	185	924	0.7997835497835498	0.0	0.0
ar_chloroplast_1kb	2904	G	0	0	11	0	0	870	0	149	11	1019	149	870	1019	0.14622178606476938	4.120893169756826e-31	8.504243224888454e-29
ar_chloroplast_1kb	2954	G	0	0	20	0	0	690	0	394	20	1084	394	690	1084	0.3634686346863469	1.0158640015190029e-221	2.3076707864735187e-219
ar_chloroplast_1kb	2955	G	0	0	20	0	0	44	0	1039	20	1083	1039	44	1083	0.9593721144967683	0.0	0.0
ar_chloroplast_1kb	3465	G	0	0	13	0	0	72	0	550	13	622	550	72	622	0.8842443729903537	0.0	0.0
ar_chloroplast_1kb	3847	A	21	0	0	0	0	291	0	262	21	553	291	262	553	0.5262206148282098	1.7990174440465086e-220	4.0804787124171966e-218
ar_chloroplast_1kb	4005	G	0	0	45	0	0	91	0	261	45	352	261	91	352	0.7414772727272727	2.9175269109521926e-256	6.65804699592636e-254
ar_chloroplast_1kb	4101	G	0	0	46	0	0	54	0	296	46	350	296	54	350	0.8457142857142858	7.0e-323	1.5884e-320
ar_chloroplast_1kb	4638	G	0	0	25	0	0	941	0	1663	25	2604	1663	941	2604	0.6386328725038403	0.0	0.0
ar_chloroplast_1kb	4720	G	0	0	22	0	0	245	0	2592	22	2837	2592	245	2837	0.9136411702502644	0.0	0.0
ar_chloroplast_1kb	4740	G	0	0	19	0	0	1506	0	1024	19	2530	1024	1506	2530	0.40474308300395256	0.0	0.0
ar_chloroplast_1kb	4834	G	0	0	9	0	0	161	0	2703	9	2864	2703	161	2864	0.9437849162011173	0.0	0.0
ar_chloroplast_1kb	6054	G	0	0	4	0	0	182	0	1084	4	1266	1084	182	1266	0.8562401263823065	0.0	0.0
ar_chloroplast_1kb	6292	G	0	0	6	0	0	351	0	3041	6	3392	3041	351	3392	0.8965212264150944	0.0	0.0
ar_chloroplast_1kb	6395	G	0	0	4	0	0	3657	0	399	4	4056	399	3657	4056	0.09837278106508876	2.1885109384942504e-36	4.554306567278832e-34
ar_chloroplast_1kb	6463	G	0	0	8	0	0	480	0	3684	8	4164	3684	480	4164	0.8847262247838616	0.0	0.0
ar_chloroplast_1kb	6629	G	0	0	7	0	0	1974	0	980	7	2954	980	1974	2954	0.33175355450236965	0.0	0.0
ar_chloroplast_1kb	6711	G	0	0	4	0	0	434	0	2096	4	2530	2096	434	2530	0.8284584980237154	0.0	0.0
ar_chloroplast_1kb	6960	G	0	0	12	0	0	364	0	4184	12	4548	4184	364	4548	0.9199648197009674	0.0	0.0
ar_chloroplast_1kb	7002	G	0	0	11	0	0	279	0	3189	11	3468	3189	279	3468	0.9195501730103807	0.0	0.0
ar_chloroplast_1kb	7107	G	0	0	8	0	0	359	0	3860	8	4219	3860	359	4219	0.9149087461483764	0.0	0.0
ar_chloroplast_1kb	7141	A	14	0	0	0	0	3435	0	1103	14	4538	3435	1103	4538	0.756941383869546	0.0	0.0
ar_chloroplast_1kb	7151	G	0	0	17	0	0	2663	0	1879	17	4542	1879	2663	4542	0.4136944077498899	0.0	0.0
ar_chloroplast_1kb	7161	G	0	0	17	0	0	669	0	4130	17	4799	4130	669	4799	0.860595957491144	0.0	0.0
ar_chloroplast_1kb	7227	G	0	0	29	0	0	424	0	3856	29	4280	3856	424	4280	0.9009345794392524	0.0	0.0
ar_chloroplast_1kb	7260	G	0	0	36	0	0	556	0	3791	36	4347	3791	556	4347	0.8720956981826548	0.0	0.0
ar_chloroplast_1kb	7273	A	34	0	0	0	0	3884	0	674	34	4558	3884	674	4558	0.8521281263712155	0.0	0.0
ar_chloroplast_1kb	7411	G	0	0	560	0	0	382	0	2889	560	3271	2889	382	3271	0.8832161418526444	0.0	0.0
ar_chloroplast_1kb	7528	G	0	0	2075	0	0	515	0	575	2075	1090	575	515	1090	0.5275229357798165	0.0	0.0
ar_chloroplast_1kb	9720	C	0	6922	0	19941	0	0	345	0	26863	345	19941	6922	26863	0.7423221531474519	0.0	0.0
ar_chloroplast_1kb	9961	G	0	0	39495	0	0	858	0	110	39495	968	110	858	968	0.11363636363636363	2.795872398046621e-15	5.554118102138221e-13
ar_chloroplast_1kb	11085	A	84	0	0	0	0	820	0	5324	84	6144	820	5324	6144	0.13346354166666666	2.1756569066117256e-139	4.83164690221749e-137
ar_chloroplast_1kb	11087	A	76	0	0	0	0	733	0	5448	76	6181	733	5448	6181	0.11858922504449118	6.122915140646965e-100	1.3377985163100487e-97
ar_chloroplast_1kb	11088	A	74	0	0	0	0	402	0	5713	74	6115	402	5713	6115	0.06573998364677024	3.721531660755744e-8	6.870150606292414e-6
ar_chloroplast_1kb	11205	G	0	0	121	0	0	134	0	29139	121	29273	29139	134	29273	0.9954224028968675	0.0	0.0
ar_chloroplast_1kb	11526	G	0	0	122	0	0	304	0	48939	122	49243	48939	304	49243	0.9938265337205288	0.0	0.0
ar_chloroplast_1kb	11797	G	0	0	54	0	0	350	0	50441	54	50791	50441	350	50791	0.99310901537674	0.0	0.0
ar_chloroplast_1kb	12234	G	0	0	31	0	0	1186	0	53079	31	54265	53079	1186	54265	0.9781442919008569	0.0	0.0
ar_chloroplast_1kb	12288	G	0	0	30	0	0	931	0	65136	30	66067	65136	931	66067	0.9859082446607232	0.0	0.0
ar_chloroplast_1kb	12444	G	0	0	48	0	0	781	0	59738	48	60519	59738	781	60519	0.9870949619127877	0.0	0.0
ar_chloroplast_1kb	12447	G	0	0	48	0	0	1186	0	59465	48	60651	59465	1186	60651	0.9804454996620007	0.0	0.0
ar_chloroplast_1kb	12480	G	0	0	37	0	0	1174	0	56269	37	57443	56269	1174	57443	0.9795623487631216	0.0	0.0
ar_chloroplast_1kb	12507	G	0	0	40	0	0	974	0	56026	40	57000	56026	974	57000	0.9829122807017544	0.0	0.0
ar_chloroplast_1kb	12574	A	24	0	0	0	0	43241	0	4870	24	48111	43241	4870	48111	0.8987757477499948	0.0	0.0
ar_chloroplast_1kb	12576	G	0	0	23	0	0	1232	0	46818	23	48050	46818	1232	48050	0.974360041623309	0.0	0.0
ar_chloroplast_1kb	12719	G	0	0	9	0	0	25750	0	3694	9	29444	3694	25750	29444	0.12545849748675453	0.0	0.0
ar_chloroplast_1kb	12832	G	0	0	10	0	0	3574	0	26724	10	30298	26724	3574	30298	0.8820384183774507	0.0	0.0
ar_chloroplast_1kb	12844	G	0	0	17	0	0	2317	0	28629	17	30946	28629	2317	30946	0.9251276416984424	0.0	0.0
ar_chloroplast_1kb	12958	G	0	0	19	0	0	514	0	33900	19	34414	33900	514	34414	0.9850642180507932	0.0	0.0
ar_chloroplast_1kb	13167	T	0	15	0	30	13674	0	0	0	45	13674	15	30	45	0.3333333333333333	2.5036793556612547e-9	4.6976980918984793e-7
ar_chloroplast_1kb	13956	G	0	0	39	0	0	9984	0	15626	39	25610	15626	9984	25610	0.6101522842639594	0.0	0.0
ar_chloroplast_1kb	13990	G	0	0	150	0	0	13033	0	8112	150	21145	8112	13033	21145	0.38363679356821945	0.0	0.0
ar_chloroplast_1kb	14543	G	0	0	6	0	0	1562	0	120235	6	121797	120235	1562	121797	0.9871753819880621	0.0	0.0
ar_chloroplast_1kb	14723	G	0	0	8	0	0	2586	0	37877	8	40463	37877	2586	40463	0.9360897610162371	0.0	0.0
ar_chloroplast_1kb	14765	G	0	0	8	0	0	4072	0	67345	8	71417	67345	4072	71417	0.9429827632076396	0.0	0.0
ar_chloroplast_1kb	15019	G	0	0	146	0	0	39181	0	7552	146	46733	7552	39181	46733	0.16159887017739072	0.0	0.0
ar_chloroplast_1kb	15361	G	0	0	39	0	0	44886	0	2548	39	47434	2548	44886	47434	0.05371674326432517	0.000123813148076014	0.021396522565071168
ar_chloroplast_1kb	15506	G	0	0	19	0	0	491	0	45626	19	46117	45626	491	46117	0.9893531669449444	0.0	0.0
ar_chloroplast_1kb	15531	G	0	0	21	0	0	550	0	43768	21	44318	43768	550	44318	0.9875896926756622	0.0	0.0
ar_chloroplast_1kb	15569	G	0	0	21	0	0	1928	0	40429	21	42357	40429	1928	42357	0.9544821399060368	0.0	0.0
ar_chloroplast_1kb	15572	G	0	0	19	0	0	1031	0	41324	19	42355	41324	1031	42355	0.975658127729902	0.0	0.0
ar_chloroplast_1kb	15575	G	0	0	20	0	0	929	0	40553	20	41482	40553	929	41482	0.9776047442264114	0.0	0.0
ar_chloroplast_1kb	15593	G	0	0	22	0	0	1664	0	43923	22	45587	43923	1664	45587	0.9634983657621691	0.0	0.0
ar_chloroplast_1kb	15611	G	0	0	24	0	0	1429	0	43156	24	44585	43156	1429	44585	0.9679488617247953	0.0	0.0
ar_chloroplast_1kb	15638	G	0	0	23	0	0	2230	0	41249	23	43479	41249	2230	43479	0.9487108719151774	0.0	0.0
ar_chloroplast_1kb	15650	G	0	0	20	0	0	2069	0	37034	20	39103	37034	2069	39103	0.9470884586860343	0.0	0.0
ar_chloroplast_1kb	15659	G	0	0	24	0	0	2478	0	34284	24	36762	34284	2478	36762	0.9325934388771013	0.0	0.0
ar_chloroplast_1kb	15669	G	0	0	26	0	0	4164	0	32436	26	36600	32436	4164	36600	0.8862295081967213	0.0	0.0
ar_chloroplast_1kb	15683	G	0	0	25	0	0	616	0	38071	25	38687	38071	616	38687	0.9840773386408871	0.0	0.0
ar_chloroplast_1kb	15692	G	0	0	24	0	0	2260	0	34280	24	36540	34280	2260	36540	0.9381499726327313	0.0	0.0
ar_chloroplast_1kb	15707	G	0	0	26	0	0	769	0	34689	26	35458	34689	769	35458	0.9783123695639911	0.0	0.0
ar_chloroplast_1kb	15739	G	0	0	32	0	0	39989	0	5200	32	45189	5200	39989	45189	0.1150722520967492	0.0	0.0
ar_chloroplast_1kb	15740	G	0	0	31	0	0	1103	0	44447	31	45550	44447	1103	45550	0.9757848518111965	0.0	0.0
ar_chloroplast_1kb	15793	G	0	0	22	0	0	44643	0	4004	22	48647	4004	44643	48647	0.08230723374514358	1.9180992569717314e-198	4.317667543772131e-196
ar_chloroplast_1kb	15797	G	0	0	23	0	0	1719	0	47759	23	49478	47759	1719	49478	0.9652572860665346	0.0	0.0
ar_chloroplast_1kb	15894	G	0	0	18	0	0	625	0	61232	18	61857	61232	625	61857	0.9898960505682461	0.0	0.0
ar_chloroplast_1kb	15997	G	0	0	10	0	0	44252	0	2996	10	47248	2996	44252	47248	0.06341009143244158	3.910448142435106e-38	8.160496493817731e-36
ar_chloroplast_1kb	16076	G	0	0	6	0	0	3314	0	52529	6	55843	52529	3314	55843	0.9406550507673298	0.0	0.0
ar_chloroplast_1kb	16098	G	0	0	6	0	0	884	0	57489	6	58373	57489	884	58373	0.98485601219742	0.0	0.0
ar_chloroplast_1kb	16146	G	0	0	4	0	0	1347	0	60524	4	61871	60524	1347	61871	0.9782288956053725	0.0	0.0
ar_chloroplast_1kb	16147	G	0	0	4	0	0	2792	0	59426	4	62218	59426	2792	62218	0.955125526375004	0.0	0.0
ar_chloroplast_1kb	16148	G	0	0	4	0	0	3097	0	58961	4	62058	58961	3097	62058	0.950095072351671	0.0	0.0
ar_chloroplast_1kb	16155	A	4	0	0	0	0	55072	0	4860	4	59932	55072	4860	59932	0.9189080958419542	0.0	0.0
ar_chloroplast_1kb	16223	G	0	0	3	0	0	2416	0	47499	3	49915	47499	2416	49915	0.9515977161173996	0.0	0.0
ar_chloroplast_1kb	16566	G	0	0	9	0	0	1084	0	34830	9	35914	34830	1084	35914	0.9698167845408476	0.0	0.0
ar_chloroplast_1kb	16632	A	4	0	0	0	0	29194	0	4760	4	33954	29194	4760	33954	0.8598103316251399	0.0	0.0
ar_chloroplast_1kb	16652	G	0	0	7	0	0	2021	0	28395	7	30416	28395	2021	30416	0.9335547080483956	0.0	0.0
ar_chloroplast_1kb	16719	A	84	0	0	0	0	24271	0	3139	84	27410	24271	3139	27410	0.8854797519153593	0.0	0.0
ar_chloroplast_1kb	16755	A	149	0	0	0	0	26947	0	2079	149	29026	26947	2079	29026	0.9283745607386481	0.0	0.0
ar_chloroplast_1kb	16827	G	0	0	246	0	0	994	0	27484	246	28478	27484	994	28478	0.9650958634735586	0.0	0.0
ar_chloroplast_1kb	16838	G	0	0	262	0	0	1173	0	25874	262	27047	25874	1173	27047	0.9566310496543055	0.0	0.0
ar_chloroplast_1kb	16901	G	0	0	218	0	0	908	0	25652	218	26560	25652	908	26560	0.9658132530120482	0.0	0.0
ar_chloroplast_1kb	16967	G	0	0	220	0	0	9244	0	13851	220	23095	13851	9244	23095	0.5997402035072527	0.0	0.0
ar_chloroplast_1kb	16970	G	0	0	237	0	0	1035	0	21788	237	22823	21788	1035	22823	0.954651009946107	0.0	0.0
ar_chloroplast_1kb	17120	G	0	0	229	0	0	148	0	15120	229	15268	15120	148	15268	0.9903065234477338	0.0	0.0
ar_chloroplast_1kb	17133	G	0	0	210	0	0	1632	0	11880	210	13512	11880	1632	13512	0.8792184724689165	0.0	0.0
ar_chloroplast_1kb	17147	G	0	0	198	0	0	7410	0	3045	198	10455	3045	7410	10455	0.29124820659971307	0.0	0.0
ar_chloroplast_1kb	17204	G	0	0	120	0	0	565	0	245	120	810	245	565	810	0.30246913580246915	6.630905826393707e-118	1.4595055321313203e-115
ar_chloroplast_1kb	17426	G	0	0	12	0	0	321	0	732	12	1053	732	321	1053	0.6951566951566952	0.0	0.0
ar_chloroplast_1kb	17503	G	0	0	19	0	0	38	0	1142	19	1180	1142	38	1180	0.9677966101694915	0.0	0.0
ar_chloroplast_1kb	17588	G	0	0	14	0	0	195	0	1739	14	1934	1739	195	1934	0.8991726990692864	0.0	0.0
ar_chloroplast_1kb	17602	G	0	0	13	0	0	317	0	1897	13	2214	1897	317	2214	0.8568202348690154	0.0	0.0
ar_chloroplast_1kb	17725	G	0	0	4	0	0	90	0	1715	4	1805	1715	90	1805	0.9501385041551247	0.0	0.0
ar_chloroplast_1kb	17780	A	2	0	0	0	0	1020	0	355	2	1375	1020	355	1375	0.7418181818181818	0.0	0.0
ar_chloroplast_1kb	17822	A	1	0	0	0	0	1191	0	218	1	1409	1191	218	1409	0.8452803406671399	0.0	0.0
ar_chloroplast_1kb	17854	G	0	0	6	0	0	131	0	1075	6	1206	1075	131	1206	0.8913764510779436	0.0	0.0
ar_chloroplast_1kb	17906	G	0	0	7	0	0	82	0	1233	7	1315	1233	82	1315	0.9376425855513308	0.0	0.0
ar_chloroplast_1kb	18031	G	0	0	8	0	0	87	0	1146	8	1233	1146	87	1233	0.9294403892944039	0.0	0.0
ar_chloroplast_1kb	18046	G	0	0	6	0	0	81	0	1191	6	1272	1191	81	1272	0.9363207547169812	0.0	0.0
ar_chloroplast_1kb	18133	G	0	0	6	0	0	53	0	1419	6	1472	1419	53	1472	0.9639945652173914	0.0	0.0
ar_chloroplast_1kb	18434	C	0	8	0	6	0	0	1899	0	14	1899	6	8	14	0.42857142857142855	3.3090683918656635e-5	0.0058223776544096065
ar_chloroplast_1kb	18610	G	0	0	17	0	0	1566	0	182	17	1748	182	1566	1748	0.10411899313501144	4.634560473594458e-20	9.356655657897782e-18
ar_chloroplast_1kb	18876	G	0	0	11	0	0	2148	0	196	11	2344	196	2148	2344	0.08361774744027303	4.7547194231114685e-12	9.152189034975441e-10
ar_chloroplast_1kb	18976	G	0	0	2	0	0	189	0	1759	2	1948	1759	189	1948	0.9029774127310062	0.0	0.0
ar_chloroplast_1kb	19078	G	0	0	8	0	0	69	0	535	8	604	535	69	604	0.8857615894039735	0.0	0.0
ar_chloroplast_1kb	19288	G	0	0	33	0	0	34	0	517	33	551	517	34	551	0.9382940108892922	0.0	0.0
ar_chloroplast_1kb	19450	G	0	0	19	0	0	53	0	620	19	673	620	53	673	0.9212481426448736	0.0	0.0
ar_chloroplast_1kb	19469	G	0	0	21	0	0	589	0	86	21	675	86	589	675	0.1274074074074074	4.5538300861732784e-15	9.022283437841471e-13
ar_chloroplast_1kb	19501	G	0	0	18	0	0	237	0	419	18	656	419	237	656	0.6387195121951219	0.0	0.0
ar_chloroplast_1kb	19522	G	0	0	23	0	0	257	0	426	23	683	426	257	683	0.623718887262079	0.0	0.0
ar_chloroplast_1kb	19718	A	17	0	0	0	0	363	0	56	17	419	363	56	419	0.8663484486873508	0.0	0.0
ar_chloroplast_1kb	19828	G	0	0	10	0	0	352	0	60	10	412	60	352	412	0.14563106796116504	1.834707011406388e-13	3.56849314563633e-11
ar_chloroplast_1kb	20120	G	0	0	17	0	0	61	0	520	17	581	520	61	581	0.8950086058519794	0.0	0.0
ar_chloroplast_1kb	20195	G	0	0	20	0	0	61	0	559	20	620	559	61	620	0.9016129032258065	0.0	0.0
ar_chloroplast_1kb	20334	G	0	0	30	0	0	306	0	303	30	609	303	306	609	0.4975369458128079	6.7372426389222944e-220	1.5257957484482894e-217
ar_chloroplast_1kb	20402	G	0	0	25	0	0	67	0	505	25	572	505	67	572	0.8828671328671329	0.0	0.0
ar_chloroplast_1kb	20627	G	0	0	27	0	0	120	0	693	27	813	693	120	813	0.8523985239852399	0.0	0.0
ar_chloroplast_1kb	20645	G	0	0	13	0	0	105	0	630	13	735	630	105	735	0.8571428571428571	0.0	0.0
ar_chloroplast_1kb	20651	G	0	0	15	0	0	108	0	613	15	721	613	108	721	0.8502080443828016	0.0	0.0
ar_chloroplast_1kb	20788	G	0	0	13	0	0	115	0	366	13	481	366	115	481	0.760914760914761	0.0	0.0
ar_chloroplast_1kb	20803	G	0	0	9	0	0	102	0	398	9	500	398	102	500	0.796	0.0	0.0
ar_chloroplast_1kb	20825	A	9	0	0	0	0	342	0	124	9	466	342	124	466	0.7339055793991416	0.0	0.0
ar_chloroplast_1kb	20882	G	0	0	23	0	0	115	0	416	23	531	416	115	531	0.783427495291902	0.0	0.0
ar_chloroplast_1kb	21174	G	0	0	37	0	0	484	0	72	37	556	72	484	556	0.12949640287769784	3.1544586889870326e-13	6.127391870127396e-11
ar_chloroplast_1kb	21208	G	0	0	43	0	0	144	0	365	43	509	365	144	509	0.7170923379174853	0.0	0.0
ar_chloroplast_1kb	21323	A	41	0	0	0	0	201	0	222	41	423	201	222	423	0.475177304964539	1.8695116014365824e-141	4.1579726487436765e-139
ar_chloroplast_1kb	21370	G	0	0	41	0	0	100	0	354	41	454	354	100	454	0.7797356828193832	0.0	0.0
ar_chloroplast_1kb	21643	G	0	0	18	0	0	95	0	34	18	129	34	95	129	0.26356589147286824	8.466564118056468e-16	1.6886823166941796e-13
ar_chloroplast_1kb	21775	G	0	0	12	0	0	150	0	901	12	1051	901	150	1051	0.857278782112274	0.0	0.0
ar_chloroplast_1kb	21856	G	0	0	16	0	0	163	0	844	16	1007	844	163	1007	0.8381330685203575	0.0	0.0
ar_chloroplast_1kb	22195	G	0	0	14	0	0	355	0	1065	14	1420	1065	355	1420	0.75	0.0	0.0
ar_chloroplast_1kb	22265	G	0	0	14	0	0	448	0	1164	14	1612	1164	448	1612	0.7220843672456576	0.0	0.0
ar_chloroplast_1kb	22286	G	0	0	11	0	0	196	0	1390	11	1586	1390	196	1586	0.8764186633039092	0.0	0.0
ar_chloroplast_1kb	22291	G	0	0	12	0	0	184	0	1412	12	1596	1412	184	1596	0.8847117794486216	0.0	0.0
ar_chloroplast_1kb	22360	G	0	0	12	0	0	154	0	1543	12	1697	1543	154	1697	0.9092516205067767	0.0	0.0
ar_chloroplast_1kb	22381	G	0	0	16	0	0	208	0	1529	16	1737	1529	208	1737	0.8802533103051238	0.0	0.0
ar_chloroplast_1kb	22588	A	25	0	0	0	0	1249	0	393	25	1642	1249	393	1642	0.7606577344701584	0.0	0.0
ar_chloroplast_1kb	22832	G	0	0	5	0	0	151	0	855	5	1006	855	151	1006	0.8499005964214712	0.0	0.0
ar_chloroplast_1kb	22847	G	0	0	5	0	0	79	0	899	5	978	899	79	978	0.9192229038854806	0.0	0.0
ar_chloroplast_1kb	22873	G	0	0	25	0	0	96	0	1128	25	1224	1128	96	1224	0.9215686274509803	0.0	0.0
ar_chloroplast_1kb	23068	G	0	0	25	0	0	329	0	759	25	1088	759	329	1088	0.6976102941176471	0.0	0.0
ar_chloroplast_1kb	23260	G	0	0	15	0	0	54	0	641	15	695	641	54	695	0.9223021582733812	0.0	0.0
ar_chloroplast_1kb	23263	G	0	0	15	0	0	48	0	634	15	682	634	48	682	0.9296187683284457	0.0	0.0
ar_chloroplast_1kb	23653	G	0	0	9	0	0	220	0	972	9	1192	972	220	1192	0.8154362416107382	0.0	0.0
ar_chloroplast_1kb	24016	G	0	0	0	0	0	554	0	1625	0	2179	1625	554	2179	0.7457549334557136	0.0	0.0
ar_chloroplast_1kb	24038	G	0	0	0	0	0	269	0	2392	0	2661	2392	269	2661	0.8989101841413003	0.0	0.0
ar_chloroplast_1kb	24047	G	0	0	0	0	0	340	0	2385	0	2725	2385	340	2725	0.8752293577981651	0.0	0.0
ar_chloroplast_1kb	24101	G	0	0	0	0	0	262	0	2585	0	2847	2585	262	2847	0.9079733052335792	0.0	0.0
ar_chloroplast_1kb	24324	G	0	0	2	0	0	188	0	2029	2	2217	2029	188	2217	0.9152007216959855	0.0	0.0
ar_chloroplast_1kb	24342	A	3	0	0	0	0	1607	0	639	3	2246	1607	639	2246	0.7154942119323241	0.0	0.0
ar_chloroplast_1kb	24527	G	0	0	8	0	0	127	0	1987	8	2114	1987	127	2114	0.9399243140964996	0.0	0.0
ar_chloroplast_1kb	24656	G	0	0	6	0	0	266	0	1465	6	1731	1465	266	1731	0.8463316002310803	0.0	0.0
ar_chloroplast_1kb	24744	G	0	0	7	0	0	228	0	1195	7	1423	1195	228	1423	0.8397751229796205	0.0	0.0
ar_chloroplast_1kb	24875	G	0	0	9	0	0	272	0	1125	9	1397	1125	272	1397	0.8052970651395849	0.0	0.0
ar_chloroplast_1kb	25019	G	0	0	8	0	0	685	0	1574	8	2259	1574	685	2259	0.6967684816290394	0.0	0.0
ar_chloroplast_1kb	25122	A	8	0	0	0	0	1290	0	575	8	1865	1290	575	1865	0.6916890080428955	0.0	0.0
ar_chloroplast_1kb	25137	A	6	0	0	0	0	1694	0	229	6	1923	1694	229	1923	0.8809152366094644	0.0	0.0
ar_chloroplast_1kb	25194	G	0	0	3	0	0	196	0	1261	3	1457	1261	196	1457	0.8654770075497598	0.0	0.0
ar_chloroplast_1kb	25287	A	2	0	0	0	0	773	0	243	2	1016	773	243	1016	0.7608267716535433	0.0	0.0
ar_chloroplast_1kb	25427	G	0	0	17	0	0	400	0	1403	17	1803	1403	400	1803	0.7781475318912923	0.0	0.0
ar_chloroplast_1kb	25532	G	0	0	10	0	0	621	0	1194	10	1815	1194	621	1815	0.6578512396694215	0.0	0.0
ar_chloroplast_1kb	25565	G	0	0	7	0	0	268	0	1542	7	1810	1542	268	1810	0.8519337016574585	0.0	0.0
ar_chloroplast_1kb	25667	G	0	0	9	0	0	331	0	1403	9	1734	1403	331	1734	0.8091118800461361	0.0	0.0
ar_chloroplast_1kb	25685	G	0	0	13	0	0	263	0	1395	13	1658	1395	263	1658	0.8413751507840772	0.0	0.0
ar_chloroplast_1kb	25763	G	0	0	12	0	0	249	0	1736	12	1985	1736	249	1985	0.87455919395466	0.0	0.0
ar_chloroplast_1kb	25769	G	0	0	12	0	0	291	0	1711	12	2002	1711	291	2002	0.8546453546453546	0.0	0.0
ar_chloroplast_1kb	26034	A	34	0	0	0	0	986	0	617	34	1603	986	617	1603	0.6150966936993137	0.0	0.0
ar_chloroplast_1kb	26228	G	0	0	129	0	0	289	0	1457	129	1746	1457	289	1746	0.8344788087056129	0.0	0.0
ar_chloroplast_1kb	26345	G	0	0	120	0	0	356	0	1872	120	2228	1872	356	2228	0.8402154398563735	0.0	0.0
ar_chloroplast_1kb	26900	G	0	0	25	0	0	406	0	1300	25	1706	1300	406	1706	0.7620164126611958	0.0	0.0
ar_chloroplast_1kb	27000	A	17	0	0	0	0	791	0	941	17	1732	791	941	1732	0.45669745958429564	0.0	0.0
ar_chloroplast_1kb	27077	G	0	0	17	0	0	510	0	1103	17	1613	1103	510	1613	0.6838189708617483	0.0	0.0
ar_chloroplast_1kb	27263	G	0	0	19	0	0	605	0	1752	19	2357	1752	605	2357	0.7433177768349597	0.0	0.0
ar_chloroplast_1kb	27342	G	0	0	23	0	0	828	0	1787	23	2615	1787	828	2615	0.6833652007648183	0.0	0.0
ar_chloroplast_1kb	27489	A	17	0	0	0	0	1860	0	1608	17	3468	1860	1608	3468	0.5363321799307958	0.0	0.0
ar_chloroplast_1kb	27533	G	0	0	15	0	0	1860	0	2000	15	3860	2000	1860	3860	0.5181347150259067	0.0	0.0
ar_chloroplast_1kb	27587	G	0	0	9	0	0	1272	0	2450	9	3722	2450	1272	3722	0.6582482536270822	0.0	0.0
ar_chloroplast_1kb	27591	A	8	0	0	0	0	1238	0	2460	8	3698	1238	2460	3698	0.3347755543537047	0.0	0.0
ar_chloroplast_1kb	27593	G	0	0	8	0	0	1428	0	2256	8	3684	2256	1428	3684	0.6123778501628665	0.0	0.0
ar_chloroplast_1kb	27650	G	0	0	11	0	0	887	0	1967	11	2854	1967	887	2854	0.689208128941836	0.0	0.0
ar_chloroplast_1kb	27716	G	0	0	13	0	0	945	0	1717	13	2662	1717	945	2662	0.6450037565740045	0.0	0.0
ar_chloroplast_1kb	29519	C	0	4207	0	59068	0	0	310	0	63275	310	59068	4207	63275	0.9335124456736468	0.0	0.0
ar_chloroplast_1kb	29813	T	0	47	0	389	4072	0	0	0	436	4072	47	389	436	0.10779816513761468	8.881189596714794e-7	0.00016154645018024298
ar_chloroplast_1kb	29839	T	0	35	0	308	34641	0	0	0	343	34641	35	308	343	0.10204081632653061	6.251466423455213e-5	0.010904668136913811
ar_chloroplast_1kb	29842	T	0	33	0	305	35083	0	0	0	338	35083	33	305	338	0.09763313609467456	0.00022588732610364656	0.038810885710870414
ar_chloroplast_1kb	29904	G	0	0	288	0	0	4928	0	53909	288	58837	53909	4928	58837	0.9162431803117086	0.0	0.0
ar_chloroplast_1kb	29946	G	0	0	280	0	0	6617	0	65049	280	71666	65049	6617	71666	0.9076689085479865	0.0	0.0
ar_chloroplast_1kb	29955	G	0	0	277	0	0	6181	0	70506	277	76687	70506	6181	76687	0.919399637487449	0.0	0.0
ar_chloroplast_1kb	29958	G	0	0	272	0	0	5944	0	71194	272	77138	71194	5944	77138	0.9229432964297752	0.0	0.0
ar_chloroplast_1kb	29982	G	0	0	267	0	0	12824	0	53747	267	66571	53747	12824	66571	0.8073635667182407	0.0	0.0
ar_chloroplast_1kb	29988	G	0	0	274	0	0	8767	0	58363	274	67130	58363	8767	67130	0.8694026515715776	0.0	0.0
ar_chloroplast_1kb	31007	A	262	0	0	0	0	57	0	189	262	246	57	189	246	0.23170731707317074	2.1172693077390178e-22	4.303725885752786e-20
ar_chloroplast_1kb	31048	A	170	0	0	0	0	316	0	4305	170	4621	316	4305	4621	0.0683834667820818	2.9281861299694874e-8	5.4257866830687425e-6
ar_chloroplast_1kb	31058	A	171	0	0	0	0	2329	0	11294	171	13623	2329	11294	13623	0.17096087499082435	0.0	0.0
ar_chloroplast_1kb	31171	G	0	0	245	0	0	2632	0	45032	245	47664	45032	2632	47664	0.9447801275595837	0.0	0.0
ar_chloroplast_1kb	31188	G	0	0	265	0	0	1723	0	44688	265	46411	44688	1723	46411	0.9628751804529099	0.0	0.0
ar_chloroplast_1kb	31356	G	0	0	293	0	0	6629	0	82831	293	89460	82831	6629	89460	0.9258998435054773	0.0	0.0
ar_chloroplast_1kb	33978	G	0	0	5	0	0	1312	0	224880	5	226192	224880	1312	226192	0.994199618023626	0.0	0.0
ar_chloroplast_1kb	36082	C	0	603	0	141	0	0	1497	0	744	1497	141	603	744	0.18951612903225806	4.8122164086131646e-42	1.0070594991144445e-39
ar_chloroplast_1kb	36338	C	0	1174	0	898	0	0	538	0	2072	538	898	1174	2072	0.4333976833976834	0.0	0.0
ar_chloroplast_1kb	36864	G	0	0	346	0	0	184	0	104	346	288	104	184	288	0.3611111111111111	1.356230962561745e-59	2.891064718932481e-57
ar_chloroplast_1kb	36878	A	290	0	0	0	0	35	0	303	290	338	35	303	338	0.10355029585798817	4.6436813268794127e-5	0.008119184864736093
ar_chloroplast_1kb	36894	G	0	0	251	0	0	277	0	529	251	806	529	277	806	0.6563275434243176	0.0	0.0
ar_chloroplast_1kb	37031	G	0	0	586	0	0	1019	0	13022	586	14041	13022	1019	14041	0.9274268214514636	0.0	0.0
ar_chloroplast_1kb	37230	C	0	417	0	41	0	0	15654	0	458	15654	41	417	458	0.08951965065502183	0.00028030798931931027	0.048050214685252085
ar_chloroplast_1kb	37277	G	0	0	356	0	0	3018	0	8627	356	11645	8627	3018	11645	0.7408329755259768	0.0	0.0
ar_chloroplast_1kb	38644	G	0	0	4	0	0	3140	0	130609	4	133749	130609	3140	133749	0.9765231889584222	0.0	0.0
ar_chloroplast_1kb	39754	G	0	0	42	0	0	11935	0	197359	42	209294	197359	11935	209294	0.9429749538926104	0.0	0.0
ar_chloroplast_1kb	42067	G	0	0	98	0	0	27346	0	147945	98	175291	147945	27346	175291	0.8439965543011335	0.0	0.0
ar_chloroplast_1kb	42069	G	0	0	100	0	0	151541	0	18856	100	170397	18856	151541	170397	0.1106592252211013	0.0	0.0
ar_chloroplast_1kb	42211	G	0	0	103	0	0	1882	0	4272	103	6154	4272	1882	6154	0.6941826454338641	0.0	0.0
ar_chloroplast_1kb	42416	G	0	0	115	0	0	1578	0	7241	115	8819	7241	1578	8819	0.8210681483161356	0.0	0.0
ar_chloroplast_1kb	42467	G	0	0	127	0	0	543	0	9741	127	10284	9741	543	10284	0.9471995332555426	0.0	0.0
ar_chloroplast_1kb	42491	G	0	0	136	0	0	3219	0	6371	136	9590	6371	3219	9590	0.6643378519290928	0.0	0.0
ar_chloroplast_1kb	43324	G	0	0	55	0	0	433	0	2026	55	2459	2026	433	2459	0.8239121594143961	0.0	0.0
ar_chloroplast_1kb	43337	G	0	0	59	0	0	588	0	1893	59	2481	1893	588	2481	0.7629987908101572	0.0	0.0
ar_chloroplast_1kb	43397	A	46	0	0	0	0	773	0	1098	46	1871	773	1098	1871	0.413148049171566	0.0	0.0
ar_chloroplast_1kb	44156	G	0	0	45	0	0	423	0	1160	45	1583	1160	423	1583	0.7327858496525584	0.0	0.0
ar_chloroplast_1kb	44164	G	0	0	42	0	0	378	0	1282	42	1660	1282	378	1660	0.772289156626506	0.0	0.0
ar_chloroplast_1kb	44219	G	0	0	42	0	0	1344	0	325	42	1669	325	1344	1669	0.19472738166566805	1.1821619639659454e-97	2.5753476272682424e-95
ar_chloroplast_1kb	44227	G	0	0	42	0	0	390	0	1248	42	1638	1248	390	1638	0.7619047619047619	0.0	0.0
ar_chloroplast_1kb	44242	G	0	0	39	0	0	305	0	1298	39	1603	1298	305	1603	0.809731752963194	0.0	0.0
ar_chloroplast_1kb	44311	G	0	0	30	0	0	560	0	291	30	851	291	560	851	0.3419506462984724	6.656722452419112e-156	1.4871877584689857e-153
ar_chloroplast_1kb	44665	G	0	0	13	0	0	340	0	44	13	384	44	340	384	0.11458333333333333	3.713404807765388e-7	6.804494189125957e-5
ar_chloroplast_1kb	45116	G	0	0	709	0	0	2749	0	317	709	3066	317	2749	3066	0.10339204174820613	4.7343625971918775e-33	9.811076317010778e-31
ar_chloroplast_1kb	45325	A	506	0	0	0	0	308	0	3960	506	4268	308	3960	4268	0.07216494845360824	2.363695844534319e-10	4.485957042091204e-8
ar_chloroplast_1kb	45385	G	0	0	465	0	0	1269	0	17139	465	18408	17139	1269	18408	0.9310625814863103	0.0	0.0
ar_chloroplast_1kb	45646	G	0	0	330	0	0	915	0	22542	330	23457	22542	915	23457	0.9609924542780407	0.0	0.0
ar_chloroplast_1kb	45727	G	0	0	336	0	0	2221	0	17813	336	20034	17813	2221	20034	0.8891384646101628	0.0	0.0
ar_chloroplast_1kb	45985	G	0	0	387	0	0	3200	0	13880	387	17080	13880	3200	17080	0.8126463700234192	0.0	0.0
ar_chloroplast_1kb	46004	G	0	0	345	0	0	5942	0	9736	345	15678	9736	5942	15678	0.6209975762214568	0.0	0.0
ar_chloroplast_1kb	46561	C	0	122349	0	26443	0	0	128	0	148792	128	26443	122349	148792	0.17771788805849778	0.0	0.0
ar_chloroplast_1kb	47117	A	10730	0	0	0	0	26	0	218	10730	244	26	218	244	0.10655737704918032	0.0002604580297385147	0.044699044014824774
ar_chloroplast_1kb	47631	G	0	0	729	0	0	28977	0	2631	729	31608	2631	28977	31608	0.08323842065299925	1.2494428525042307e-136	2.770597629058264e-134
ar_chloroplast_1kb	47863	G	0	0	337	0	0	3404	0	24681	337	28085	24681	3404	28085	0.8787965105928431	0.0	0.0
ar_chloroplast_1kb	48015	G	0	0	262	0	0	1441	0	14325	262	15766	14325	1441	15766	0.9086007865026006	0.0	0.0
ar_chloroplast_1kb	48144	G	0	0	158	0	0	2592	0	18844	158	21436	18844	2592	21436	0.8790819182683336	0.0	0.0
ar_chloroplast_1kb	48186	G	0	0	142	0	0	2135	0	20688	142	22823	20688	2135	22823	0.9064540156859309	0.0	0.0
ar_chloroplast_1kb	48314	G	0	0	148	0	0	19448	0	4300	148	23748	4300	19448	23748	0.18106787940037056	0.0	0.0
ar_chloroplast_1kb	48986	G	0	0	241	0	0	674	0	16065	241	16739	16065	674	16739	0.9597347511798793	0.0	0.0
ar_chloroplast_1kb	49116	G	0	0	546	0	0	9560	0	8517	546	18077	8517	9560	18077	0.4711511865906954	0.0	0.0
ar_chloroplast_1kb	49121	G	0	0	549	0	0	3399	0	14400	549	17799	14400	3399	17799	0.8090342154053598	0.0	0.0
ar_chloroplast_1kb	49127	G	0	0	552	0	0	1623	0	17074	552	18697	17074	1623	18697	0.9131946301545703	0.0	0.0
ar_chloroplast_1kb	49132	G	0	0	532	0	0	1050	0	17563	532	18613	17563	1050	18613	0.9435878149680331	0.0	0.0
ar_chloroplast_1kb	49154	G	0	0	566	0	0	2031	0	17270	566	19301	17270	2031	19301	0.8947722915911093	0.0	0.0
ar_chloroplast_1kb	49159	G	0	0	579	0	0	557	0	18054	579	18611	18054	557	18611	0.9700714631132126	0.0	0.0
ar_chloroplast_1kb	49216	G	0	0	581	0	0	2549	0	18073	581	20622	18073	2549	20622	0.8763941421782563	0.0	0.0
ar_chloroplast_1kb	49244	G	0	0	567	0	0	2507	0	20660	567	23167	20660	2507	23167	0.8917857297017309	0.0	0.0
ar_chloroplast_1kb	49282	G	0	0	628	0	0	908	0	22805	628	23713	22805	908	23713	0.9617087673428077	0.0	0.0
ar_chloroplast_1kb	49400	G	0	0	509	0	0	3389	0	15881	509	19270	15881	3389	19270	0.8241307732226258	0.0	0.0
ar_chloroplast_1kb	49475	G	0	0	477	0	0	5339	0	5596	477	10935	5596	5339	10935	0.5117512574302697	0.0	0.0
ar_chloroplast_1kb	49809	T	0	30	0	149	966	0	0	0	179	966	30	149	179	0.16759776536312848	6.5770719051957345e-9	1.2278741316410085e-6
ar_chloroplast_1kb	51155	G	0	0	555	0	0	25740	0	38202	555	63942	38202	25740	63942	0.5974476869663132	0.0	0.0
ar_chloroplast_1kb	51317	G	0	0	158	0	0	2619	0	49807	158	52426	49807	2619	52426	0.9500438713615381	0.0	0.0
ar_chloroplast_1kb	51405	A	175	0	0	0	0	60472	0	6256	175	66728	60472	6256	66728	0.906246253446829	0.0	0.0
ar_chloroplast_1kb	51455	G	0	0	179	0	0	3156	0	70081	179	73237	70081	3156	73237	0.9569070278684272	0.0	0.0
ar_chloroplast_1kb	51487	G	0	0	141	0	0	2302	0	68496	141	70798	68496	2302	70798	0.9674849572021809	0.0	0.0
ar_chloroplast_1kb	51529	G	0	0	128	0	0	1921	0	67032	128	68953	67032	1921	68953	0.9721404434904936	0.0	0.0
ar_chloroplast_1kb	51535	G	0	0	136	0	0	1475	0	66840	136	68315	66840	1475	68315	0.9784088413964722	0.0	0.0
ar_chloroplast_1kb	51889	G	0	0	91	0	0	1804	0	57922	91	59726	57922	1804	59726	0.9697953989887151	0.0	0.0
ar_chloroplast_1kb	51955	G	0	0	142	0	0	1080	0	72980	142	74060	72980	1080	74060	0.985417229273562	0.0	0.0
ar_chloroplast_1kb	52090	G	0	0	138	0	0	1331	0	58422	138	59753	58422	1331	59753	0.9777249677840443	0.0	0.0
ar_chloroplast_1kb	52147	G	0	0	104	0	0	999	0	58017	104	59016	58017	999	59016	0.9830723871492476	0.0	0.0
ar_chloroplast_1kb	52360	G	0	0	52	0	0	992	0	38372	52	39364	38372	992	39364	0.9747993090133117	0.0	0.0
ar_chloroplast_1kb	52769	G	0	0	101	0	0	1947	0	62105	101	64052	62105	1947	64052	0.969602822706551	0.0	0.0
ar_chloroplast_1kb	52813	G	0	0	99	0	0	1722	0	59583	99	61305	59583	1722	61305	0.9719109371176903	0.0	0.0
ar_chloroplast_1kb	52853	G	0	0	93	0	0	1981	0	61582	93	63563	61582	1981	63563	0.9688340701351416	0.0	0.0
ar_chloroplast_1kb	52864	G	0	0	93	0	0	1478	0	58788	93	60266	58788	1478	60266	0.9754753924269074	0.0	0.0
ar_chloroplast_1kb	52948	G	0	0	117	0	0	3941	0	42743	117	46684	42743	3941	46684	0.9155813554965299	0.0	0.0
ar_chloroplast_1kb	52959	G	0	0	116	0	0	4353	0	37335	116	41688	37335	4353	41688	0.8955814622913069	0.0	0.0
ar_chloroplast_1kb	55211	T	0	268	0	982	1879	0	0	0	1250	1879	268	982	1250	0.2144	1.3307504644436223e-90	2.886370599205473e-88
ar_chloroplast_1kb	55218	T	0	1783	0	176	1890	0	0	0	1959	1890	1783	176	1959	0.9101582440020418	0.0	0.0
ar_chloroplast_1kb	55662	C	0	526	0	6073	0	0	276	0	6599	276	6073	526	6599	0.9202909531747234	0.0	0.0
ar_chloroplast_1kb	55770	C	0	1917	0	5087	0	0	265	0	7004	265	5087	1917	7004	0.7262992575671046	0.0	0.0
ar_chloroplast_1kb	55775	C	0	1021	0	6080	0	0	269	0	7101	269	6080	1021	7101	0.8562174341642023	0.0	0.0
ar_chloroplast_1kb	55780	G	0	0	7300	0	0	82	0	182	7300	264	182	82	264	0.6893939393939394	1.4394989926070225e-169	3.220841114405776e-167
ar_chloroplast_1kb	55902	C	0	2671	0	10431	0	0	202	0	13102	202	10431	2671	13102	0.7961379941993588	0.0	0.0
ar_chloroplast_1kb	55930	C	0	11526	0	852	0	0	165	0	12378	165	852	11526	12378	0.06883179835191469	4.338789076444096e-20	8.771428047041712e-18
ar_chloroplast_1kb	56313	C	0	2588	0	10206	0	0	210	0	12794	210	10206	2588	12794	0.7977176801625762	0.0	0.0
ar_chloroplast_1kb	56472	C	0	1105	0	7986	0	0	65	0	9091	65	7986	1105	9091	0.8784512154878451	0.0	0.0
ar_chloroplast_1kb	56974	C	0	1697	0	67581	0	0	48	0	69278	48	67581	1697	69278	0.9755044891596177	0.0	0.0
ar_chloroplast_1kb	59316	C	0	4591	0	9915	0	0	4	0	14506	4	9915	4591	14506	0.6835102716117468	0.0	0.0
ar_chloroplast_1kb	59358	C	0	1951	0	16322	0	0	1	0	18273	1	16322	1951	18273	0.8932304492967766	0.0	0.0
ar_chloroplast_1kb	59363	C	0	3147	0	15097	0	0	0	0	18244	0	15097	3147	18244	0.8275049331286999	0.0	0.0
ar_chloroplast_1kb	59436	C	0	1710	0	23777	0	0	0	0	25487	0	23777	1710	25487	0.9329069721818967	0.0	0.0
ar_chloroplast_1kb	59531	C	0	1834	0	21272	0	0	0	0	23106	0	21272	1834	23106	0.9206266770535791	0.0	0.0
ar_chloroplast_1kb	59559	C	0	1743	0	15180	0	0	2	0	16923	2	15180	1743	16923	0.8970040772912604	0.0	0.0
ar_chloroplast_1kb	59579	C	0	1051	0	15670	0	0	2	0	16721	2	15670	1051	16721	0.93714490760122	0.0	0.0
ar_chloroplast_1kb	59627	C	0	3694	0	11495	0	0	2	0	15189	2	11495	3694	15189	0.7567976825334123	0.0	0.0
ar_chloroplast_1kb	59900	C	0	759	0	16480	0	0	19	0	17239	19	16480	759	17239	0.9559719241255293	0.0	0.0
ar_chloroplast_1kb	59976	C	0	19848	0	2614	0	0	26	0	22462	26	2614	19848	22462	0.11637432107559434	0.0	0.0
ar_chloroplast_1kb	60154	T	0	18994	0	1316	10	0	0	0	20310	10	18994	1316	20310	0.935204332840965	0.0	0.0
ar_chloroplast_1kb	60353	C	0	521	0	24516	0	0	8	0	25037	8	24516	521	25037	0.9791907976195231	0.0	0.0
ar_chloroplast_1kb	60585	C	0	17605	0	1058	0	0	59	0	18663	59	1058	17605	18663	0.05668970690671382	2.0826445152073376e-5	0.0036759293322269296
ar_chloroplast_1kb	61044	A	4097	0	0	0	0	61	0	337	4097	398	61	337	398	0.15326633165829145	1.1374574654994048e-14	2.2357274928214984e-12
ar_chloroplast_1kb	61045	A	4061	0	0	0	0	497	0	343	4061	840	497	343	840	0.5916666666666667	0.0	0.0
ar_chloroplast_1kb	61508	G	0	0	159	0	0	2540	0	60115	159	62655	60115	2540	62655	0.9594605378660921	0.0	0.0
ar_chloroplast_1kb	61579	G	0	0	85	0	0	8789	0	66659	85	75448	66659	8789	75448	0.8835091718799704	0.0	0.0
ar_chloroplast_1kb	61585	G	0	0	83	0	0	9443	0	72031	83	81474	72031	9443	81474	0.8840979944522179	0.0	0.0
ar_chloroplast_1kb	61589	G	0	0	79	0	0	6973	0	73676	79	80649	73676	6973	80649	0.9135389155476199	0.0	0.0
ar_chloroplast_1kb	61681	G	0	0	86	0	0	1740	0	104643	86	106383	104643	1740	106383	0.9836440032711994	0.0	0.0
ar_chloroplast_1kb	61816	G	0	0	151	0	0	7650	0	148469	151	156119	148469	7650	156119	0.9509989174924256	0.0	0.0
ar_chloroplast_1kb	61817	G	0	0	152	0	0	142635	0	14148	152	156783	14148	142635	156783	0.09023937544249058	0.0	0.0
ar_chloroplast_1kb	61818	G	0	0	157	0	0	137212	0	18632	157	155844	18632	137212	155844	0.11955545288878622	0.0	0.0
ar_chloroplast_1kb	61880	G	0	0	143	0	0	2971	0	133853	143	136824	133853	2971	136824	0.9782859732210724	0.0	0.0
ar_chloroplast_1kb	62071	G	0	0	89	0	0	3585	0	164290	89	167875	164290	3585	167875	0.978644825018615	0.0	0.0
ar_chloroplast_1kb	62108	A	92	0	0	0	0	156601	0	18923	92	175524	156601	18923	175524	0.8921913812356145	0.0	0.0
ar_chloroplast_1kb	62110	G	0	0	94	0	0	3986	0	169160	94	173146	169160	3986	173146	0.9769789657283449	0.0	0.0
ar_chloroplast_1kb	62158	G	0	0	94	0	0	3506	0	136412	94	139918	136412	3506	139918	0.974942466301691	0.0	0.0
ar_chloroplast_1kb	62690	C	0	5661	0	18331	0	0	1622	0	23992	1622	18331	5661	23992	0.7640463487829277	0.0	0.0
ar_chloroplast_1kb	62716	G	0	0	30815	0	0	162	0	88	30815	250	88	162	250	0.352	1.2465886078408972e-49	2.6421996031034583e-47
ar_chloroplast_1kb	62750	C	0	2871	0	37765	0	0	286	0	40636	286	37765	2871	40636	0.9293483610591594	0.0	0.0
ar_chloroplast_1kb	62768	C	0	561	0	47980	0	0	315	0	48541	315	47980	561	48541	0.988442759728889	0.0	0.0
ar_chloroplast_1kb	62962	C	0	3448	0	65625	0	0	350	0	69073	350	65625	3448	69073	0.9500817975185674	0.0	0.0
ar_chloroplast_1kb	62986	C	0	3122	0	65322	0	0	330	0	68444	330	65322	3122	68444	0.9543860674419964	0.0	0.0
ar_chloroplast_1kb	63004	C	0	3502	0	59055	0	0	299	0	62557	299	59055	3502	62557	0.9440190546221846	0.0	0.0
ar_chloroplast_1kb	63203	G	0	0	34001	0	0	163	0	23	34001	186	23	163	186	0.12365591397849462	6.339128578023279e-5	0.01104463254544777
ar_chloroplast_1kb	63316	C	0	45602	0	3544	0	0	52	0	49146	52	3544	45602	49146	0.07211166727709274	1.3275569728165013e-99	2.8963322155324465e-97
ar_chloroplast_1kb	63585	G	0	0	13383	0	0	2066	0	381	13383	2447	381	2066	2447	0.15570085819370658	2.358221433467293e-84	5.100065167564905e-82
ar_chloroplast_1kb	64010	C	0	1971	0	45556	0	0	27	0	47527	27	45556	1971	47527	0.9585288362404528	0.0	0.0
ar_chloroplast_1kb	64343	C	0	1986	0	40821	0	0	66	0	42807	66	40821	1986	42807	0.9536057186908683	0.0	0.0
ar_chloroplast_1kb	64448	C	0	2997	0	44698	0	0	84	0	47695	84	44698	2997	47695	0.9371632246566726	0.0	0.0
ar_chloroplast_1kb	64772	C	0	7595	0	64741	0	0	141	0	72336	141	64741	7595	72336	0.8950038708250387	0.0	0.0
ar_chloroplast_1kb	64802	T	0	1119	0	13618	163	0	0	0	14737	163	1119	13618	14737	0.07593132930718599	1.4855818644126504e-41	3.1045322580012234e-39
ar_chloroplast_1kb	64861	A	477	0	0	0	0	30	0	213	477	243	30	213	243	0.12345679012345678	5.599737739279168e-6	0.0010014377135851274
ar_chloroplast_1kb	64898	G	0	0	371	0	0	589	0	3985	371	4574	3985	589	4574	0.8712286838653257	0.0	0.0
ar_chloroplast_1kb	64942	G	0	0	331	0	0	833	0	6406	331	7239	6406	833	7239	0.8849288575770135	0.0	0.0
ar_chloroplast_1kb	64970	A	309	0	0	0	0	6913	0	1418	309	8331	6913	1418	8331	0.8297923418557196	0.0	0.0
ar_chloroplast_1kb	64975	G	0	0	311	0	0	604	0	8197	311	8801	8197	604	8801	0.9313714350641973	0.0	0.0
ar_chloroplast_1kb	65220	G	0	0	125	0	0	1618	0	6320	125	7938	6320	1618	7938	0.7961703199798438	0.0	0.0
ar_chloroplast_1kb	65226	G	0	0	131	0	0	7498	0	493	131	7991	493	7498	7991	0.061694406206982855	1.9339264304104724e-6	0.0003471083008849638
ar_chloroplast_1kb	65242	G	0	0	115	0	0	1106	0	5975	115	7081	5975	1106	7081	0.8438073718401355	0.0	0.0
ar_chloroplast_1kb	65402	G	0	0	35	0	0	731	0	66	35	797	66	731	797	0.08281053952321205	5.8319521278446625e-5	0.010184833579885715
ar_chloroplast_1kb	66742	G	0	0	15	0	0	1126	0	3860	15	4986	3860	1126	4986	0.7741676694745286	0.0	0.0
ar_chloroplast_1kb	66868	G	0	0	12	0	0	232	0	8434	12	8666	8434	232	8666	0.9732287099007616	0.0	0.0
ar_chloroplast_1kb	67569	G	0	0	32	0	0	905	0	7763	32	8668	7763	905	8668	0.8955929856945085	0.0	0.0
ar_chloroplast_1kb	67570	G	0	0	32	0	0	1372	0	7322	32	8694	7322	1372	8694	0.8421900161030595	0.0	0.0
ar_chloroplast_1kb	67633	G	0	0	23	0	0	440	0	10118	23	10558	10118	440	10558	0.9583254404243228	0.0	0.0
ar_chloroplast_1kb	68221	G	0	0	48	0	0	5979	0	3041	48	9020	3041	5979	9020	0.337139689578714	0.0	0.0
ar_chloroplast_1kb	69138	C	0	12915	0	194332	0	0	39	0	207247	39	194332	12915	207247	0.9376830545194864	0.0	0.0
ar_chloroplast_1kb	71015	A	158187	0	0	0	0	36	0	156	158187	192	36	156	192	0.1875	7.979390644018156e-12	1.533939913055232e-9
ar_chloroplast_1kb	71018	A	160879	0	0	0	0	458	0	194	160879	652	458	194	652	0.7024539877300614	0.0	0.0
ar_chloroplast_1kb	71145	G	0	0	186382	0	0	10796	0	24079	186382	34875	24079	10796	34875	0.6904372759856631	0.0	0.0
ar_chloroplast_1kb	71174	G	0	0	152434	0	0	8103	0	25744	152434	33847	25744	8103	33847	0.7605991668390109	0.0	0.0
ar_chloroplast_1kb	71204	G	0	0	113900	0	0	16261	0	8131	113900	24392	8131	16261	24392	0.33334699901607084	0.0	0.0
ar_chloroplast_1kb	71221	G	0	0	107994	0	0	2555	0	2152	107994	4707	2152	2555	4707	0.45719141703845334	0.0	0.0
ar_chloroplast_1kb	71685	T	0	1134	0	19033	16	0	0	0	20167	16	1134	19033	20167	0.056230475529330096	3.549463251243819e-5	0.0062133145421067095
ar_chloroplast_1kb	71842	C	0	1664	0	22106	0	0	52	0	23770	52	22106	1664	23770	0.9299957930164072	0.0	0.0
ar_chloroplast_1kb	71851	C	0	8110	0	17728	0	0	54	0	25838	54	17728	8110	25838	0.6861212168124468	0.0	0.0
ar_chloroplast_1kb	72516	A	34444	0	0	0	0	10	0	20	34444	30	10	20	30	0.3333333333333333	1.161521396871545e-6	0.00020999403606720645
ar_chloroplast_1kb	72638	C	0	2843	0	157602	0	0	27	0	160445	27	157602	2843	160445	0.9822805322696251	0.0	0.0
ar_chloroplast_1kb	72645	C	0	1921	0	160024	0	0	31	0	161945	31	160024	1921	161945	0.9881379480687887	0.0	0.0
ar_chloroplast_1kb	72672	C	0	3579	0	157680	0	0	38	0	161259	38	157680	3579	161259	0.9778058899038193	0.0	0.0
ar_chloroplast_1kb	72678	C	0	2250	0	160558	0	0	40	0	162808	40	160558	2250	162808	0.9861800402928603	0.0	0.0
ar_chloroplast_1kb	72795	C	0	2146	0	156442	0	0	43	0	158588	43	156442	2146	158588	0.9864680808131763	0.0	0.0
ar_chloroplast_1kb	72807	C	0	5555	0	155176	0	0	30	0	160731	30	155176	5555	160731	0.9654391498839676	0.0	0.0
ar_chloroplast_1kb	72816	C	0	3502	0	151986	0	0	36	0	155488	36	151986	3502	155488	0.9774773615970365	0.0	0.0
ar_chloroplast_1kb	72924	C	0	2858	0	139462	0	0	37	0	142320	37	139462	2858	142320	0.9799184935356942	0.0	0.0
ar_chloroplast_1kb	73005	C	0	1528	0	171812	0	0	51	0	173340	51	171812	1528	173340	0.9911849544248298	0.0	0.0
ar_chloroplast_1kb	73014	C	0	2472	0	178187	0	0	53	0	180659	53	178187	2472	180659	0.9863167625194427	0.0	0.0
ar_chloroplast_1kb	73017	C	0	2829	0	183257	0	0	54	0	186086	54	183257	2829	186086	0.9847973517620885	0.0	0.0
ar_chloroplast_1kb	73104	C	0	3125	0	165775	0	0	20	0	168900	20	165775	3125	168900	0.98149792776791	0.0	0.0
ar_chloroplast_1kb	73113	C	0	3368	0	168924	0	0	20	0	172292	20	168924	3368	172292	0.980451791145265	0.0	0.0
ar_chloroplast_1kb	74132	C	0	6214	0	131971	0	0	46	0	138185	46	131971	6214	138185	0.9550312986214133	0.0	0.0
ar_chloroplast_1kb	74179	C	0	2126	0	114870	0	0	40	0	116996	40	114870	2126	116996	0.9818284385790967	0.0	0.0
ar_chloroplast_1kb	74294	C	0	1925	0	160646	0	0	19	0	162571	19	160646	1925	162571	0.9881590197513702	0.0	0.0
ar_chloroplast_1kb	74480	C	0	28288	0	96540	0	0	64	0	124828	64	96540	28288	124828	0.7733841766270388	0.0	0.0
ar_chloroplast_1kb	74548	C	0	2433	0	77091	0	0	83	0	79524	83	77091	2433	79524	0.9694054625018862	0.0	0.0
ar_chloroplast_1kb	74752	G	0	0	302	0	0	1137	0	4517	302	5654	4517	1137	5654	0.7989034311991511	0.0	0.0
ar_chloroplast_1kb	74753	G	0	0	286	0	0	5223	0	406	286	5629	406	5223	5629	0.07212648783087582	4.4523791799992534e-13	8.626020871750638e-11
ar_chloroplast_1kb	74939	G	0	0	315	0	0	972	0	10533	315	11505	10533	972	11505	0.9155149934810952	0.0	0.0
ar_chloroplast_1kb	74974	G	0	0	310	0	0	3152	0	7561	310	10713	7561	3152	10713	0.7057780266965369	0.0	0.0
ar_chloroplast_1kb	74975	G	0	0	306	0	0	2802	0	7863	306	10665	7863	2802	10665	0.7372714486638537	0.0	0.0
ar_chloroplast_1kb	75074	G	0	0	258	0	0	101	0	10832	258	10933	10832	101	10933	0.9907619134729717	0.0	0.0
ar_chloroplast_1kb	75078	C	0	209	0	52	0	0	10845	0	261	10845	52	209	261	0.19923371647509577	1.520111166789498e-17	3.0523668114567205e-15
ar_chloroplast_1kb	75101	G	0	0	265	0	0	9436	0	1172	265	10608	1172	9436	10608	0.11048265460030166	2.29990415960978e-136	5.092371126735988e-134
ar_chloroplast_1kb	75275	G	0	0	71	0	0	610	0	12305	71	12915	12305	610	12915	0.9527680991095625	0.0	0.0
ar_chloroplast_1kb	75305	G	0	0	75	0	0	220	0	12275	75	12495	12275	220	12495	0.9823929571828731	0.0	0.0
ar_chloroplast_1kb	75314	C	0	59	0	22	0	0	13251	0	81	13251	22	59	81	0.2716049382716049	4.964226543999079e-11	9.469707640188602e-9
ar_chloroplast_1kb	75455	G	0	0	106	0	0	580	0	10310	106	10890	10310	580	10890	0.9467401285583104	0.0	0.0
ar_chloroplast_1kb	75481	G	0	0	111	0	0	827	0	10562	111	11389	10562	827	11389	0.9273860742822021	0.0	0.0
ar_chloroplast_1kb	75620	G	0	0	126	0	0	1444	0	11099	126	12543	11099	1444	12543	0.8848760264689468	0.0	0.0
ar_chloroplast_1kb	75660	A	128	0	0	0	0	7803	0	3528	128	11331	7803	3528	11331	0.6886417791898332	0.0	0.0
ar_chloroplast_1kb	75701	G	0	0	104	0	0	5621	0	6451	104	12072	6451	5621	12072	0.534377070907886	0.0	0.0
ar_chloroplast_1kb	75716	G	0	0	116	0	0	1385	0	11185	116	12570	11185	1385	12570	0.8898170246618934	0.0	0.0
ar_chloroplast_1kb	75740	G	0	0	110	0	0	425	0	11975	110	12400	11975	425	12400	0.9657258064516129	0.0	0.0
ar_chloroplast_1kb	75743	G	0	0	108	0	0	905	0	11743	108	12648	11743	905	12648	0.9284471853257432	0.0	0.0
ar_chloroplast_1kb	75816	G	0	0	122	0	0	666	0	13814	122	14480	13814	666	14480	0.9540055248618785	0.0	0.0
ar_chloroplast_1kb	75901	G	0	0	96	0	0	11604	0	1006	96	12610	1006	11604	12610	0.07977795400475812	7.687847399997924e-46	1.6202410628052281e-43
ar_chloroplast_1kb	75913	G	0	0	75	0	0	10434	0	1847	75	12281	1847	10434	12281	0.15039491898053906	0.0	0.0
ar_chloroplast_1kb	75917	G	0	0	73	0	0	5131	0	6966	73	12097	6966	5131	12097	0.5758452508886501	0.0	0.0
ar_chloroplast_1kb	76068	G	0	0	40	0	0	44	0	7967	40	8011	7967	44	8011	0.9945075521158407	0.0	0.0
ar_chloroplast_1kb	76207	A	38	0	0	0	0	5447	0	1824	38	7271	5447	1824	7271	0.7491404208499519	0.0	0.0
ar_chloroplast_1kb	76233	G	0	0	39	0	0	69	0	7986	39	8055	7986	69	8055	0.9914338919925512	0.0	0.0
ar_chloroplast_1kb	76449	G	0	0	43	0	0	9080	0	2155	43	11235	2155	9080	11235	0.19181130396083668	0.0	0.0
ar_chloroplast_1kb	76516	G	0	0	64	0	0	815	0	9153	64	9968	9153	815	9968	0.9182383627608347	0.0	0.0
ar_chloroplast_1kb	76692	G	0	0	56	0	0	878	0	4521	56	5399	4521	878	5399	0.837377292091128	0.0	0.0
ar_chloroplast_1kb	76696	A	38	0	0	0	0	5265	0	262	38	5527	5265	262	5527	0.9525963452144021	0.0	0.0
ar_chloroplast_1kb	76771	A	44	0	0	0	0	5469	0	1800	44	7269	5469	1800	7269	0.7523730912092448	0.0	0.0
ar_chloroplast_1kb	76794	G	0	0	55	0	0	141	0	7588	55	7729	7588	141	7729	0.981757019019278	0.0	0.0
ar_chloroplast_1kb	76815	G	0	0	59	0	0	443	0	6798	59	7241	6798	443	7241	0.9388206048888275	0.0	0.0
ar_chloroplast_1kb	76893	G	0	0	81	0	0	558	0	5642	81	6200	5642	558	6200	0.91	0.0	0.0
ar_chloroplast_1kb	76899	G	0	0	85	0	0	2217	0	4045	85	6262	4045	2217	6262	0.6459597572660492	0.0	0.0
ar_chloroplast_1kb	77115	G	0	0	73	0	0	253	0	7584	73	7837	7584	253	7837	0.9677172387393135	0.0	0.0
ar_chloroplast_1kb	77238	A	104	0	0	0	0	4448	0	187	104	4635	4448	187	4635	0.9596548004314994	0.0	0.0
ar_chloroplast_1kb	77265	C	0	100	0	20	0	0	4244	0	120	4244	20	100	120	0.16666666666666666	2.2072080196911223e-6	0.000395680597187809
ar_chloroplast_1kb	77319	G	0	0	127	0	0	640	0	2837	127	3477	2837	640	3477	0.815933275812482	0.0	0.0
ar_chloroplast_1kb	77320	G	0	0	130	0	0	254	0	3169	130	3423	3169	254	3423	0.9257960853052878	0.0	0.0
ar_chloroplast_1kb	77321	G	0	0	130	0	0	218	0	3291	130	3509	3291	218	3509	0.9378740381875178	0.0	0.0
ar_chloroplast_1kb	77432	G	0	0	42	0	0	93	0	1545	42	1638	1545	93	1638	0.9432234432234432	0.0	0.0
ar_chloroplast_1kb	77651	G	0	0	70	0	0	203	0	9063	70	9266	9063	203	9266	0.9780919490610835	0.0	0.0
ar_chloroplast_1kb	78410	G	0	0	25	0	0	5258	0	661	25	5919	661	5258	5919	0.111674269302247	1.1251756464479975e-79	2.4263352867578327e-77
ar_chloroplast_1kb	78531	G	0	0	12	0	0	1255	0	10931	12	12186	10931	1255	12186	0.8970129656983423	0.0	0.0
ar_chloroplast_1kb	78844	G	0	0	34	0	0	2206	0	988	34	3194	988	2206	3194	0.30932999373825926	0.0	0.0
ar_chloroplast_1kb	80004	G	0	0	3	0	0	150	0	10467	3	10617	10467	150	10617	0.9858717151737779	0.0	0.0
ar_chloroplast_1kb	80454	G	0	0	7	0	0	593	0	4122	7	4715	4122	593	4715	0.8742311770943796	0.0	0.0
ar_chloroplast_1kb	80608	G	0	0	5	0	0	180	0	6004	5	6184	6004	180	6184	0.9708926261319534	0.0	0.0
ar_chloroplast_1kb	80821	G	0	0	53	0	0	296	0	4321	53	4617	4321	296	4617	0.9358891054797488	0.0	0.0
ar_chloroplast_1kb	80824	G	0	0	57	0	0	358	0	4217	57	4575	4217	358	4575	0.9217486338797815	0.0	0.0
ar_chloroplast_1kb	81246	G	0	0	46	0	0	289	0	4640	46	4929	4640	289	4929	0.9413674173260296	0.0	0.0
ar_chloroplast_1kb	81554	G	0	0	33	0	0	470	0	5412	33	5882	5412	470	5882	0.9200952057123427	0.0	0.0
ar_chloroplast_1kb	82810	A	111	0	0	0	0	3372	0	558	111	3930	3372	558	3930	0.8580152671755725	0.0	0.0
ar_chloroplast_1kb	82993	A	367	0	0	0	0	5497	0	1854	367	7351	5497	1854	7351	0.7477894164059312	0.0	0.0
ar_chloroplast_1kb	83106	G	0	0	342	0	0	1688	0	4132	342	5820	4132	1688	5820	0.7099656357388316	0.0	0.0
ar_chloroplast_1kb	83151	G	0	0	256	0	0	2111	0	1781	256	3892	1781	2111	3892	0.45760534429599176	0.0	0.0
ar_chloroplast_1kb	85327	C	0	4	0	27	0	0	90	0	31	90	27	4	31	0.8709677419354839	1.9239028566516986e-31	3.975852136762772e-29
ar_chloroplast_1kb	85344	C	0	108	0	43	0	0	57	0	151	57	43	108	151	0.2847682119205298	5.524153621050488e-21	1.1182991368480873e-18
ar_chloroplast_1kb	85463	C	0	3	0	648	0	0	170	0	651	170	648	3	651	0.9953917050691244	0.0	0.0
ar_chloroplast_1kb	85790	T	0	4	0	2	2014	0	0	0	6	2014	4	2	6	0.6666666666666666	8.64062500000001e-5	0.014949486918604668
ar_chloroplast_1kb	85794	T	0	4	0	2	1965	0	0	0	6	1965	4	2	6	0.6666666666666666	8.64062500000001e-5	0.014949486918604668
ar_chloroplast_1kb	85806	T	0	6	0	2	1877	0	0	0	8	1877	6	2	8	0.75	4.008203125000006e-7	7.29973756884946e-5
ar_chloroplast_1kb	85880	T	0	6	0	3	1250	0	0	0	9	1250	6	3	9	0.6666666666666666	1.1510234375000013e-6	0.00020860301986906234
ar_chloroplast_1kb	85897	T	0	4	0	2	940	0	0	0	6	940	4	2	6	0.6666666666666666	8.64062500000001e-5	0.014949486918604668
ar_chloroplast_1kb	85915	C	0	2	0	6	0	0	1064	0	8	1064	6	2	8	0.75	4.008203125000006e-7	7.29973756884946e-5
ar_chloroplast_1kb	85921	C	0	2	0	9	0	0	1056	0	11	1056	9	2	11	0.8181818181818182	9.797363281250017e-11	1.866541968429901e-8
ar_chloroplast_1kb	85958	T	0	9	0	1	1122	0	0	0	10	1122	9	1	10	0.9	1.865234375000003e-11	3.5764426949098e-9
ar_chloroplast_1kb	85972	C	0	1	0	5	0	0	1080	0	6	1080	5	1	6	0.8333333333333334	1.7968750000000032e-6	0.00032289930555555614
ar_chloroplast_1kb	85976	C	0	1	0	12	0	0	1077	0	13	1077	12	1	13	0.9230769230769231	3.0273437500000025e-15	6.005927083333338e-13
ar_chloroplast_1kb	86007	T	0	32	0	0	1403	0	0	0	32	1403	32	0	32	1.0	2.328306436538695e-42	4.879343257823458e-40
ar_chloroplast_1kb	86102	T	0	1621	0	4	1651	0	0	0	1625	1651	1621	4	1625	0.9975384615384615	0.0	0.0
ar_chloroplast_1kb	86105	T	0	1671	0	1	1693	0	0	0	1672	1693	1671	1	1672	0.9994019138755981	0.0	0.0
ar_chloroplast_1kb	86235	C	0	0	0	33	0	0	690	0	33	690	33	0	33	1.0	1.1641532182693534e-43	2.446563356677029e-41
ar_chloroplast_1kb	86254	C	0	0	0	150	0	0	1045	0	150	1045	150	0	150	1.0	7.006492321624038e-196	1.5747885279744467e-193
ar_chloroplast_1kb	86343	T	0	458	0	1	1022	0	0	0	459	1022	458	1	459	0.9978213507625272	0.0	0.0
ar_chloroplast_1kb	86363	T	0	251	0	1	184	0	0	0	252	184	251	1	252	0.996031746031746	0.0	0.0
ar_chloroplast_1kb	86367	C	0	1	0	57	0	0	189	0	58	189	57	1	58	0.9827586206896551	3.826799988004861e-73	8.21641015606377e-71
ar_chloroplast_1kb	86379	A	76	0	0	0	0	75	0	687	76	762	75	687	762	0.0984251968503937	3.24147334744577e-8	5.998822168074017e-6
ar_chloroplast_1kb	86404	C	0	3	0	56	0	0	6390	0	59	6390	56	3	59	0.9491525423728814	3.8788074141482245e-69	8.292176907556647e-67
ar_chloroplast_1kb	86494	C	0	11	0	14	0	0	21912	0	25	21912	14	11	25	0.56	1.609214288590924e-12	3.1015312490676265e-10
ar_chloroplast_1kb	86499	C	0	11	0	16	0	0	22337	0	27	22337	16	11	27	0.5925925925925926	1.1712775228981128e-14	2.2991652399347757e-12
ar_chloroplast_1kb	86520	T	0	17	0	26	25048	0	0	0	43	25048	17	26	43	0.3953488372093023	9.158957515065229e-12	1.758425298814949e-9
ar_chloroplast_1kb	86872	T	0	4	0	1	666	0	0	0	5	666	4	1	5	0.8	3.0e-5	0.005288815165876778
ar_chloroplast_1kb	86920	T	0	2322	0	3	648	0	0	0	2325	648	2322	3	2325	0.9987096774193548	0.0	0.0
ar_chloroplast_1kb	86925	C	0	6	0	2730	0	0	652	0	2736	652	2730	6	2736	0.9978070175438597	0.0	0.0
ar_chloroplast_1kb	86948	C	0	11	0	5162	0	0	791	0	5173	791	5162	11	5173	0.9978735743282428	0.0	0.0
ar_chloroplast_1kb	86956	T	0	5842	0	10	775	0	0	0	5852	775	5842	10	5852	0.9982911825017088	0.0	0.0
ar_chloroplast_1kb	86984	T	0	7962	0	17	791	0	0	0	7979	791	7962	17	7979	0.997869407193884	0.0	0.0
ar_chloroplast_1kb	87055	T	0	8425	0	6	926	0	0	0	8431	926	8425	6	8431	0.99928834064761	0.0	0.0
ar_chloroplast_1kb	87057	T	0	8173	0	4	936	0	0	0	8177	936	8173	4	8177	0.9995108230402348	0.0	0.0
ar_chloroplast_1kb	87058	C	0	62	0	7664	0	0	933	0	7726	933	7664	62	7726	0.9919751488480456	0.0	0.0
ar_chloroplast_1kb	87069	C	0	16	0	7098	0	0	1075	0	7114	1075	7098	16	7114	0.9977509136913129	0.0	0.0
ar_chloroplast_1kb	87080	C	0	63	0	5736	0	0	1079	0	5799	1079	5736	63	5799	0.9891360579410243	0.0	0.0
ar_chloroplast_1kb	87106	T	0	4783	0	7	1144	0	0	0	4790	1144	4783	7	4790	0.9985386221294363	0.0	0.0
ar_chloroplast_1kb	87115	C	0	4	0	3454	0	0	1112	0	3458	1112	3454	4	3458	0.9988432620011567	0.0	0.0
ar_chloroplast_1kb	87156	T	0	39	0	5	976	0	0	0	44	976	39	5	44	0.8863636363636364	1.538663645875433e-45	3.2382014313592282e-43
ar_chloroplast_1kb	87157	T	0	25	0	5	981	0	0	0	30	981	25	5	30	0.8333333333333334	3.3197776996065264e-28	6.794447915816427e-26
ar_chloroplast_1kb	87162	C	0	8	0	11	0	0	980	0	19	980	11	8	19	0.5789473684210527	2.536769530686791e-10	4.808293146623554e-8
ar_chloroplast_1kb	87176	C	0	6	0	6	0	0	927	0	12	927	6	6	12	0.5	1.110778964404294e-5	0.001967559805614806
ar_chloroplast_1kb	87184	C	0	0	0	10	0	0	938	0	10	938	10	0	10	1.0	9.765625000000033e-14	1.9043864678899147e-11
ar_chloroplast_1kb	87392	C	0	6	0	3693	0	0	2735	0	3699	2735	3693	6	3699	0.9983779399837794	0.0	0.0
ar_chloroplast_1kb	87414	T	0	148	0	401	2507	0	0	0	549	2507	148	401	549	0.26958105646630237	1.3497911369320159e-64	2.8814651771361336e-62
ar_chloroplast_1kb	87441	T	0	116	0	0	3137	0	0	0	116	3137	116	0	116	1.0	1.2037062152420577e-151	2.6811654966810817e-149
ar_chloroplast_1kb	87442	T	0	119	0	0	3171	0	0	0	119	3171	119	0	119	1.0	1.5046327690525113e-155	3.3564815438210085e-153
ar_chloroplast_1kb	87458	C	0	1	0	10	0	0	3452	0	11	3452	10	1	11	0.9090909090909091	1.0253906250000055e-12	1.9840041856307e-10
ar_chloroplast_1kb	87463	C	0	1	0	5	0	0	3846	0	6	3846	5	1	6	0.8333333333333334	1.7968750000000032e-6	0.00032289930555555614
ar_chloroplast_1kb	87484	T	0	11	0	0	4178	0	0	0	11	4178	11	0	11	1.0	4.882812500000006e-15	9.648385624169998e-13
ar_chloroplast_1kb	87592	C	0	1	0	6	0	0	2234	0	7	2234	6	1	7	0.8571428571428571	1.0468749999999978e-7	1.9230447530864157e-5
ar_chloroplast_1kb	87639	T	0	8	0	2	3777	0	0	0	10	3777	8	2	10	0.8	1.6050781250000019e-9	3.015439196654044e-7
ar_chloroplast_1kb	87672	T	0	14	0	5	7714	0	0	0	19	7714	14	5	19	0.7368421052631579	5.58927761688233e-15	1.1029705506248748e-12
ar_chloroplast_1kb	87722	T	0	6	0	5	8974	0	0	0	11	8974	6	5	11	0.5454545454545454	5.801345058593756e-6	0.001035004477168204
ar_chloroplast_1kb	88027	T	0	6	0	6	12271	0	0	0	12	12271	6	6	12	0.5	1.110778964404294e-5	0.001967559805614806
ar_chloroplast_1kb	88030	C	0	5	0	5	0	0	12122	0	10	12122	5	5	10	0.5	6.368983144531259e-5	0.011070721262162325
ar_chloroplast_1kb	88060	T	0	8	0	2	8601	0	0	0	10	8601	8	2	10	0.8	1.6050781250000019e-9	3.015439196654044e-7
ar_chloroplast_1kb	88065	C	0	1	0	5	0	0	8172	0	6	8172	5	1	6	0.8333333333333334	1.7968750000000032e-6	0.00032289930555555614
ar_chloroplast_1kb	88317	A	4	0	0	0	0	810	0	6784	4	7594	810	6784	7594	0.1066631551224651	1.2197944755576497e-87	2.6418582184450335e-85
ar_chloroplast_1kb	90559	T	0	5	0	5	3164	0	0	0	10	3164	5	5	10	0.5	6.368983144531259e-5	0.011070721262162325
ar_chloroplast_1kb	90584	C	0	4	0	5	0	0	3662	0	9	3662	5	4	9	0.5555555555555556	3.322220703125004e-5	0.0058223776544096065
ar_chloroplast_1kb	90600	T	0	9	0	7	4228	0	0	0	16	4228	9	7	16	0.5625	1.6195209928169304e-8	3.012147094540209e-6
ar_chloroplast_1kb	90833	C	0	12	0	11	0	0	3445	0	23	3445	11	12	23	0.4782608695652174	3.763872287597706e-9	7.044453904606765e-7
ar_chloroplast_1kb	90866	C	0	11	0	14	0	0	3021	0	25	3021	14	11	25	0.56	1.609214288590924e-12	3.1015312490676265e-10
ar_chloroplast_1kb	90867	T	0	17	0	11	2992	0	0	0	28	2992	17	11	28	0.6071428571428571	9.62717115675056e-16	1.917598461519718e-13
ar_chloroplast_1kb	90881	T	0	12	0	9	2750	0	0	0	21	2750	12	9	21	0.5714285714285714	4.69256037379266e-11	8.96297102872089e-9
ar_chloroplast_1kb	90884	T	0	16	0	8	2717	0	0	0	24	2717	16	8	24	0.6666666666666666	7.633405630568744e-16	1.524549920246422e-13
ar_chloroplast_1kb	90994	T	0	88	0	4	814	0	0	0	92	814	88	4	92	0.9565217391304348	7.371115084069443e-109	1.6200339078122018e-106
ar_chloroplast_1kb	90999	C	0	5	0	31	0	0	793	0	36	793	31	5	36	0.8611111111111112	1.3696193841868227e-35	2.842237202397848e-33
ar_chloroplast_1kb	91051	C	0	49	0	20	0	0	80	0	69	80	20	49	69	0.2898550724637681	1.0169590924449429e-10	1.9349792491440914e-8
ar_chloroplast_1kb	91062	A	320	0	0	0	0	41	0	404	320	445	41	404	445	0.09213483146067415	0.000153822968367148	0.02652100476162768
ar_chloroplast_1kb	91189	T	0	268	0	3	3057	0	0	0	271	3057	268	3	271	0.988929889298893	0.0	0.0
ar_chloroplast_1kb	91288	C	0	3	0	84	0	0	3405	0	87	3405	84	3	87	0.9655172413793104	4.706992822821921e-105	1.032983593057993e-102
ar_chloroplast_1kb	91369	C	0	0	0	4	0	0	3103	0	4	3103	4	0	4	1.0	6.2500000000000045e-6	0.0011110513739546004
ar_chloroplast_1kb	91370	C	0	0	0	7	0	0	3127	0	7	3127	7	0	7	1.0	7.812499999999991e-10	1.47143987341772e-7
ar_chloroplast_1kb	91404	C	0	0	0	5	0	0	3214	0	5	3214	5	0	5	1.0	3.125000000000001e-7	5.733353884093713e-5
ar_chloroplast_1kb	91479	C	0	0	0	12	0	0	3127	0	12	3127	12	0	12	1.0	2.441406250000003e-16	4.895710495283025e-14
ar_chloroplast_1kb	91526	T	0	21	0	3	4154	0	0	0	24	4154	21	3	24	0.875	8.334344029426616e-25	1.701075057375096e-22
ar_chloroplast_1kb	91730	C	0	8	0	7	0	0	17072	0	15	17072	7	8	15	0.4666666666666667	3.518199896734711e-6	0.0006299398303669689
ar_chloroplast_1kb	91780	C	0	9	0	27	0	0	21301	0	36	21301	27	9	36	0.75	4.496594339233741e-28	9.190347045649268e-26
ar_chloroplast_1kb	91804	T	0	30	0	11	23433	0	0	0	41	23433	30	11	41	0.7317073170731707	1.7054606905770303e-30	3.5146663029409627e-28
ar_chloroplast_1kb	91835	C	0	12	0	17	0	0	24558	0	29	24558	17	12	29	0.5862068965517241	2.2168905622274453e-15	4.409833964370936e-13
ar_chloroplast_1kb	91857	C	0	11	0	22	0	0	23688	0	33	23688	22	11	33	0.6666666666666666	2.6921421860755937e-21	5.457346323577108e-19
ar_chloroplast_1kb	93300	C	0	12949	0	1614	0	0	15	0	14563	15	1614	12949	14563	0.11082881274462679	2.8825339564827034e-188	6.469049659924199e-186
ar_chloroplast_1kb	93842	C	0	1415	0	10979	0	0	17	0	12394	17	10979	1415	12394	0.8858318541229627	0.0	0.0
ar_chloroplast_1kb	94176	C	0	1802	0	11417	0	0	14	0	13219	14	11417	1802	13219	0.8636810651335199	0.0	0.0
ar_chloroplast_1kb	94199	C	0	6257	0	4678	0	0	16	0	10935	16	4678	6257	10935	0.42780064014631913	0.0	0.0
ar_chloroplast_1kb	94406	C	0	2531	0	7162	0	0	22	0	9693	22	7162	2531	9693	0.7388837305271846	0.0	0.0
ar_chloroplast_1kb	94552	C	0	5144	0	11957	0	0	7	0	17101	7	11957	5144	17101	0.6991988772586398	0.0	0.0
ar_chloroplast_1kb	94627	C	0	1312	0	17017	0	0	4	0	18329	4	17017	1312	18329	0.9284194445959955	0.0	0.0
ar_chloroplast_1kb	94663	C	0	3350	0	17901	0	0	5	0	21251	5	17901	3350	21251	0.8423603595124936	0.0	0.0
ar_chloroplast_1kb	94689	T	0	16623	0	6272	3	0	0	0	22895	3	16623	6272	22895	0.7260537235204193	0.0	0.0
ar_chloroplast_1kb	94831	C	0	1783	0	31997	0	0	4	0	33780	4	31997	1783	33780	0.9472172883362937	0.0	0.0
ar_chloroplast_1kb	94846	C	0	4268	0	29524	0	0	4	0	33792	4	29524	4268	33792	0.8736979166666666	0.0	0.0
ar_chloroplast_1kb	94849	C	0	8360	0	25918	0	0	5	0	34278	5	25918	8360	34278	0.7561117918198261	0.0	0.0
ar_chloroplast_1kb	94906	C	0	2983	0	21830	0	0	9	0	24813	9	21830	2983	24813	0.879780760085439	0.0	0.0
ar_chloroplast_1kb	96865	T	0	52353	0	381732	124	0	0	0	434085	124	52353	381732	434085	0.12060541138256332	0.0	0.0
ar_chloroplast_1kb	96873	T	0	15396	0	193845	54	0	0	0	209241	54	15396	193845	209241	0.0735802256727888	0.0	0.0
ar_chloroplast_1kb	97660	C	0	1385	0	285	0	0	24	0	1670	24	285	1385	1670	0.17065868263473055	1.9632665244282865e-72	4.203141765506958e-70
ar_chloroplast_1kb	97745	T	0	1030	0	773	29	0	0	0	1803	29	1030	773	1803	0.5712701053799224	0.0	0.0
ar_chloroplast_1kb	99021	C	0	507	0	56	0	0	40	0	563	40	56	507	563	0.0994671403197158	1.1589534216188302e-6	0.00020978466850305228
ar_chloroplast_1kb	99540	C	0	140	0	682	0	0	143	0	822	143	682	140	822	0.829683698296837	0.0	0.0
ar_chloroplast_1kb	100536	C	0	208	0	818	0	0	26	0	1026	26	818	208	1026	0.797270955165692	0.0	0.0
ar_chloroplast_1kb	100788	C	0	119	0	802	0	0	5	0	921	5	802	119	921	0.8707926167209555	0.0	0.0
ar_chloroplast_1kb	100830	C	0	25	0	997	0	0	5	0	1022	5	997	25	1022	0.9755381604696673	0.0	0.0
ar_chloroplast_1kb	100831	C	0	619	0	406	0	0	5	0	1025	5	406	619	1025	0.3960975609756098	2.0365086085999655e-245	4.633275059492447e-243
ar_chloroplast_1kb	100896	C	0	24	0	887	0	0	9	0	911	9	887	24	911	0.973655323819978	0.0	0.0
ar_chloroplast_1kb	100974	C	0	23	0	738	0	0	9	0	761	9	738	23	761	0.9697766097240473	0.0	0.0
ar_chloroplast_1kb	101335	A	1367	0	0	0	0	11	0	15	1367	26	11	15	26	0.4230769230769231	1.869619916350816e-8	3.4729648763254763e-6
ar_chloroplast_1kb	101409	C	0	11	0	1219	0	0	73	0	1230	73	1219	11	1230	0.9910569105691057	0.0	0.0
ar_chloroplast_1kb	101802	C	0	21	0	1312	0	0	37	0	1333	37	1312	21	1333	0.9842460615153789	0.0	0.0
ar_chloroplast_1kb	101820	C	0	16	0	1241	0	0	38	0	1257	38	1241	16	1257	0.9872712808273667	0.0	0.0
ar_chloroplast_1kb	101982	C	0	66	0	978	0	0	42	0	1044	42	978	66	1044	0.9367816091954023	0.0	0.0
ar_chloroplast_1kb	102057	C	0	65	0	889	0	0	28	0	954	28	889	65	954	0.9318658280922432	0.0	0.0
ar_chloroplast_1kb	102213	C	0	27	0	1317	0	0	7	0	1344	7	1317	27	1344	0.9799107142857143	0.0	0.0
ar_chloroplast_1kb	102727	C	0	699	0	236	0	0	32	0	935	32	236	699	935	0.25240641711229944	2.2306573672502068e-95	4.8453134450787265e-93
ar_chloroplast_1kb	103169	C	0	590	0	2713	0	0	58	0	3303	58	2713	590	3303	0.8213745080230094	0.0	0.0
ar_chloroplast_1kb	103304	T	0	2628	0	55	61	0	0	0	2683	61	2628	55	2683	0.9795005590756616	0.0	0.0
ar_chloroplast_1kb	103322	C	0	1489	0	1121	0	0	64	0	2610	64	1121	1489	2610	0.42950191570881224	0.0	0.0
ar_chloroplast_1kb	103323	C	0	73	0	2509	0	0	68	0	2582	68	2509	73	2582	0.971727343144849	0.0	0.0
ar_chloroplast_1kb	104428	G	0	0	548	0	0	21643	0	1958	548	23601	1958	21643	23601	0.08296258633108766	4.924144787498701e-101	1.0790476453924988e-98
ar_chloroplast_1kb	104850	G	0	0	246	0	0	5519	0	1586	246	7105	1586	5519	7105	0.22322308233638283	0.0	0.0
ar_chloroplast_1kb	105000	G	0	0	108	0	0	12227	0	2881	108	15108	2881	12227	15108	0.19069367222663489	0.0	0.0
ar_chloroplast_1kb	105004	G	0	0	113	0	0	532	0	14356	113	14888	14356	532	14888	0.9642665233745298	0.0	0.0
ar_chloroplast_1kb	105083	G	0	0	128	0	0	12022	0	2431	128	14453	2431	12022	14453	0.16820037362485296	0.0	0.0
ar_chloroplast_1kb	105148	A	136	0	0	0	0	6874	0	3535	136	10409	6874	3535	10409	0.660390047074647	0.0	0.0
ar_chloroplast_1kb	105316	G	0	0	99	0	0	243	0	11712	99	11955	11712	243	11955	0.9796737766624843	0.0	0.0
ar_chloroplast_1kb	105385	G	0	0	86	0	0	451	0	12079	86	12530	12079	451	12530	0.9640063846767757	0.0	0.0
ar_chloroplast_1kb	105388	G	0	0	90	0	0	270	0	12031	90	12301	12031	270	12301	0.9780505649947159	0.0	0.0
ar_chloroplast_1kb	105405	G	0	0	87	0	0	10891	0	2916	87	13807	2916	10891	13807	0.21119721880205694	0.0	0.0
ar_chloroplast_1kb	105407	G	0	0	83	0	0	236	0	13635	83	13871	13635	236	13871	0.9829860860788696	0.0	0.0
ar_chloroplast_1kb	105448	G	0	0	65	0	0	350	0	12838	65	13188	12838	350	13188	0.9734607218683652	0.0	0.0
ar_chloroplast_1kb	105512	A	64	0	0	0	0	10650	0	803	64	11453	10650	803	11453	0.9298873657556972	0.0	0.0
ar_chloroplast_1kb	105574	G	0	0	67	0	0	367	0	9696	67	10063	9696	367	10063	0.9635297624962734	0.0	0.0
ar_chloroplast_1kb	105583	G	0	0	74	0	0	234	0	9880	74	10114	9880	234	10114	0.9768637532133676	0.0	0.0
ar_chloroplast_1kb	105591	G	0	0	77	0	0	1307	0	8401	77	9708	8401	1307	9708	0.86536876802637	0.0	0.0
ar_chloroplast_1kb	105910	G	0	0	47	0	0	347	0	15134	47	15481	15134	347	15481	0.9775854272979781	0.0	0.0
ar_chloroplast_1kb	106011	G	0	0	38	0	0	4964	0	8370	38	13334	8370	4964	13334	0.6277186140692965	0.0	0.0
ar_chloroplast_1kb	106031	A	35	0	0	0	0	11663	0	1025	35	12688	11663	1025	12688	0.9192150063051703	0.0	0.0
ar_chloroplast_1kb	106055	G	0	0	34	0	0	516	0	11381	34	11897	11381	516	11897	0.9566277212742709	0.0	0.0
ar_chloroplast_1kb	106066	G	0	0	33	0	0	452	0	10975	33	11427	10975	452	11427	0.960444561127155	0.0	0.0
ar_chloroplast_1kb	106086	G	0	0	36	0	0	10820	0	2563	36	13383	2563	10820	13383	0.19151161921841142	0.0	0.0
ar_chloroplast_1kb	106205	G	0	0	35	0	0	521	0	10824	35	11345	10824	521	11345	0.954076685764654	0.0	0.0
ar_chloroplast_1kb	106234	G	0	0	35	0	0	577	0	10955	35	11532	10955	577	11532	0.9499653139091224	0.0	0.0
ar_chloroplast_1kb	106303	G	0	0	34	0	0	397	0	9213	34	9610	9213	397	9610	0.9586888657648283	0.0	0.0
ar_chloroplast_1kb	106319	G	0	0	34	0	0	289	0	8793	34	9082	8793	289	9082	0.9681788152389341	0.0	0.0
ar_chloroplast_1kb	106324	G	0	0	34	0	0	254	0	8592	34	8846	8592	254	8846	0.9712864571557767	0.0	0.0
ar_chloroplast_1kb	106351	G	0	0	40	0	0	274	0	7974	40	8248	7974	274	8248	0.9667798254122212	0.0	0.0
ar_chloroplast_1kb	106399	G	0	0	48	0	0	369	0	8698	48	9067	8698	369	9067	0.9593029668026911	0.0	0.0
ar_chloroplast_1kb	106400	G	0	0	51	0	0	2507	0	6566	51	9073	6566	2507	9073	0.7236856607516808	0.0	0.0
ar_chloroplast_1kb	106443	G	0	0	52	0	0	7588	0	1802	52	9390	1802	7588	9390	0.1919062832800852	0.0	0.0
ar_chloroplast_1kb	106470	G	0	0	42	0	0	10272	0	644	42	10916	644	10272	10916	0.05899596921949432	1.431794544511416e-5	0.00253316972493392
ar_chloroplast_1kb	106474	G	0	0	41	0	0	419	0	10610	41	11029	10610	419	11029	0.9620092483452716	0.0	0.0
ar_chloroplast_1kb	106717	G	0	0	17	0	0	793	0	6387	17	7180	6387	793	7180	0.8895543175487465	0.0	0.0
ar_chloroplast_1kb	106722	G	0	0	17	0	0	5383	0	1622	17	7005	1622	5383	7005	0.23154889364739473	0.0	0.0
ar_chloroplast_1kb	107038	C	0	1392	0	33818	0	0	8178	0	35210	8178	33818	1392	35210	0.9604657767679636	0.0	0.0
ar_chloroplast_1kb	107145	G	0	0	22966	0	0	6446	0	496	22966	6942	496	6446	6942	0.0714491501008355	6.3225304496055496e-15	1.244367659600144e-12
ar_chloroplast_1kb	107190	T	0	20056	0	942	6003	0	0	0	20998	6003	20056	942	20998	0.9551385846271073	0.0	0.0
ar_chloroplast_1kb	107587	C	0	2908	0	31097	0	0	69	0	34005	69	31097	2908	34005	0.9144831642405529	0.0	0.0
ar_chloroplast_1kb	107725	C	0	16315	0	1028	0	0	45	0	17343	45	1028	16315	17343	0.059274635299544486	2.659879336107767e-8	4.934772645612803e-6
ar_chloroplast_1kb	107781	T	0	197	0	2405	31	0	0	0	2602	31	197	2405	2602	0.07571099154496541	1.1663960082241706e-8	2.1748169781414887e-6
ar_chloroplast_1kb	109097	C	0	8981	0	2401	0	0	119	0	11382	119	2401	8981	11382	0.2109471094710947	0.0	0.0
ar_chloroplast_1kb	109103	C	0	3492	0	7858	0	0	116	0	11350	116	7858	3492	11350	0.6923348017621145	0.0	0.0
ar_chloroplast_1kb	109113	C	0	9907	0	1384	0	0	111	0	11291	111	1384	9907	11291	0.12257550261270038	1.6452295472086627e-199	3.7090453755798686e-197
ar_chloroplast_1kb	109161	C	0	9970	0	2142	0	0	111	0	12112	111	2142	9970	12112	0.17684940554821665	0.0	0.0
ar_chloroplast_1kb	109169	C	0	1587	0	10584	0	0	98	0	12171	98	10584	1587	12171	0.869608084791718	0.0	0.0
ar_chloroplast_1kb	109199	C	0	1657	0	7783	0	0	48	0	9440	48	7783	1657	9440	0.8244703389830509	0.0	0.0
ar_chloroplast_1kb	109244	C	0	921	0	11078	0	0	35	0	11999	35	11078	921	11999	0.9232436036336361	0.0	0.0
ar_chloroplast_1kb	109248	C	0	4708	0	7507	0	0	35	0	12215	35	7507	4708	12215	0.6145722472370037	0.0	0.0
ar_chloroplast_1kb	109249	C	0	737	0	11470	0	0	37	0	12207	37	11470	737	12207	0.9396248054395019	0.0	0.0
ar_chloroplast_1kb	109310	C	0	1153	0	12040	0	0	36	0	13193	36	12040	1153	13193	0.9126051694080194	0.0	0.0
ar_chloroplast_1kb	109421	C	0	7498	0	13623	0	0	35	0	21121	35	13623	7498	21121	0.6449978694190616	0.0	0.0
ar_chloroplast_1kb	109442	C	0	2039	0	18403	0	0	42	0	20442	42	18403	2039	20442	0.9002543782408766	0.0	0.0
ar_chloroplast_1kb	109490	C	0	958	0	18608	0	0	50	0	19566	50	18608	958	19566	0.9510375140549934	0.0	0.0
ar_chloroplast_1kb	109526	C	0	1729	0	13425	0	0	46	0	15154	46	13425	1729	15154	0.8859047116272931	0.0	0.0
ar_chloroplast_1kb	109531	C	0	3714	0	11328	0	0	46	0	15042	46	11328	3714	15042	0.7530913442361388	0.0	0.0
ar_chloroplast_1kb	109532	C	0	2380	0	12667	0	0	45	0	15047	45	12667	2380	15047	0.8418289360005317	0.0	0.0
ar_chloroplast_1kb	109547	C	0	1360	0	11897	0	0	47	0	13257	47	11897	1360	13257	0.8974126876367202	0.0	0.0
ar_chloroplast_1kb	109550	C	0	983	0	12136	0	0	45	0	13119	45	12136	983	13119	0.9250705084228981	0.0	0.0
ar_chloroplast_1kb	109580	C	0	1462	0	9456	0	0	40	0	10918	40	9456	1462	10918	0.866092690969042	0.0	0.0
ar_chloroplast_1kb	109581	C	0	895	0	9954	0	0	37	0	10849	37	9954	895	10849	0.917503917411743	0.0	0.0
ar_chloroplast_1kb	109736	C	0	1880	0	13451	0	0	33	0	15331	33	13451	1880	15331	0.8773726436631661	0.0	0.0
ar_chloroplast_1kb	109814	C	0	1087	0	15451	0	0	42	0	16538	42	15451	1087	16538	0.9342725843511912	0.0	0.0
ar_chloroplast_1kb	109870	C	0	1668	0	16532	0	0	52	0	18200	52	16532	1668	18200	0.9083516483516484	0.0	0.0
ar_chloroplast_1kb	109918	C	0	2392	0	15099	0	0	52	0	17491	52	15099	2392	17491	0.863243954033503	0.0	0.0
ar_chloroplast_1kb	110005	C	0	913	0	15728	0	0	54	0	16641	54	15728	913	16641	0.9451355086833724	0.0	0.0
ar_chloroplast_1kb	110011	C	0	1543	0	14832	0	0	52	0	16375	52	14832	1543	16375	0.9057709923664122	0.0	0.0
ar_chloroplast_1kb	110053	C	0	574	0	12581	0	0	52	0	13155	52	12581	574	13155	0.9563664006081338	0.0	0.0
ar_chloroplast_1kb	110787	G	0	0	72	0	0	1504	0	17967	72	19471	17967	1504	19471	0.922756920548508	0.0	0.0
ar_chloroplast_1kb	110880	G	0	0	49	0	0	898	0	15684	49	16582	15684	898	16582	0.9458448920516223	0.0	0.0
ar_chloroplast_1kb	110892	G	0	0	47	0	0	467	0	15309	47	15776	15309	467	15776	0.9703980730223124	0.0	0.0
ar_chloroplast_1kb	111182	G	0	0	50	0	0	8662	0	6358	50	15020	6358	8662	15020	0.42330226364846874	0.0	0.0
ar_chloroplast_1kb	111338	G	0	0	34	0	0	5030	0	7847	34	12877	7847	5030	12877	0.6093810670187155	0.0	0.0
ar_chloroplast_1kb	111459	G	0	0	28	0	0	793	0	10531	28	11324	10531	793	11324	0.9299717414341222	0.0	0.0
ar_chloroplast_1kb	111531	G	0	0	25	0	0	1115	0	9912	25	11027	9912	1115	11027	0.8988845560895983	0.0	0.0
ar_chloroplast_1kb	111603	G	0	0	26	0	0	2107	0	9368	26	11475	9368	2107	11475	0.8163834422657952	0.0	0.0
ar_chloroplast_1kb	111668	G	0	0	24	0	0	982	0	10092	24	11074	10092	982	11074	0.9113238215640238	0.0	0.0
ar_chloroplast_1kb	111670	G	0	0	27	0	0	729	0	10308	27	11037	10308	729	11037	0.933949442783365	0.0	0.0
ar_chloroplast_1kb	111780	G	0	0	204	0	0	212	0	11744	204	11956	11744	212	11956	0.9822683171629307	0.0	0.0
ar_chloroplast_1kb	111789	G	0	0	269	0	0	496	0	12198	269	12694	12198	496	12694	0.9609264219316213	0.0	0.0
ar_chloroplast_1kb	111810	G	0	0	287	0	0	548	0	12270	287	12818	12270	548	12818	0.9572476205336246	0.0	0.0
ar_chloroplast_1kb	111846	G	0	0	384	0	0	665	0	11285	384	11950	11285	665	11950	0.9443514644351464	0.0	0.0
ar_chloroplast_1kb	111931	G	0	0	292	0	0	565	0	7630	292	8195	7630	565	8195	0.9310555216595485	0.0	0.0
ar_chloroplast_1kb	111940	G	0	0	305	0	0	7225	0	538	305	7763	538	7225	7763	0.06930310446992143	8.155678413592544e-14	1.592519294639451e-11
ar_chloroplast_1kb	111960	G	0	0	320	0	0	259	0	6893	320	7152	6893	259	7152	0.9637863534675615	0.0	0.0
ar_chloroplast_1kb	111967	G	0	0	324	0	0	2274	0	4863	324	7137	4863	2274	7137	0.6813787305590584	0.0	0.0
ar_chloroplast_1kb	111975	G	0	0	316	0	0	1789	0	7786	316	9575	7786	1789	9575	0.813159268929504	0.0	0.0
ar_chloroplast_1kb	111980	G	0	0	304	0	0	1931	0	7455	304	9386	7455	1931	9386	0.794268058810995	0.0	0.0
ar_chloroplast_1kb	112069	G	0	0	196	0	0	1262	0	9600	196	10862	9600	1262	10862	0.8838151353341926	0.0	0.0
ar_chloroplast_1kb	112218	G	0	0	45	0	0	32318	0	5020	45	37338	5020	32318	37338	0.1344474797793133	0.0	0.0
ar_chloroplast_1kb	113051	G	0	0	29	0	0	604	0	3596	29	4200	3596	604	4200	0.8561904761904762	0.0	0.0
ar_chloroplast_1kb	113078	G	0	0	93	0	0	140	0	4369	93	4509	4369	140	4509	0.9689509869150588	0.0	0.0
ar_chloroplast_1kb	113096	G	0	0	99	0	0	994	0	4194	99	5188	4194	994	5188	0.8084040092521203	0.0	0.0
ar_chloroplast_1kb	113118	G	0	0	121	0	0	850	0	4257	121	5107	4257	850	5107	0.8335617779518308	0.0	0.0
ar_chloroplast_1kb	113119	G	0	0	122	0	0	861	0	4278	122	5139	4278	861	5139	0.8324576765907764	0.0	0.0
ar_chloroplast_1kb	113120	G	0	0	121	0	0	882	0	4249	121	5131	4249	882	5131	0.8281036834924966	0.0	0.0
ar_chloroplast_1kb	113426	G	0	0	150	0	0	1758	0	8321	150	10079	8321	1758	10079	0.8255779343188808	0.0	0.0
ar_chloroplast_1kb	113540	G	0	0	127	0	0	1750	0	5273	127	7023	5273	1750	7023	0.75081873843087	0.0	0.0
ar_chloroplast_1kb	113553	G	0	0	127	0	0	1820	0	5640	127	7460	5640	1820	7460	0.7560321715817694	0.0	0.0
ar_chloroplast_1kb	113630	G	0	0	107	0	0	561	0	5798	107	6359	5798	561	6359	0.9117785815379776	0.0	0.0
ar_chloroplast_1kb	113687	G	0	0	92	0	0	1419	0	5202	92	6621	5202	1419	6621	0.7856819211599456	0.0	0.0
ar_chloroplast_1kb	113711	G	0	0	82	0	0	1804	0	4523	82	6327	4523	1804	6327	0.7148727675043465	0.0	0.0
ar_chloroplast_1kb	113714	G	0	0	83	0	0	1690	0	4629	83	6319	4629	1690	6319	0.7325526190852983	0.0	0.0
ar_chloroplast_1kb	113741	G	0	0	77	0	0	1241	0	4318	77	5559	4318	1241	5559	0.7767584097859327	0.0	0.0
ar_chloroplast_1kb	113807	G	0	0	53	0	0	1811	0	1911	53	3722	1911	1811	3722	0.5134336378291241	0.0	0.0
ar_chloroplast_1kb	114095	G	0	0	83	0	0	319	0	3563	83	3882	3563	319	3882	0.9178258629572386	0.0	0.0
ar_chloroplast_1kb	114140	G	0	0	83	0	0	243	0	3508	83	3751	3508	243	3751	0.9352172753932285	0.0	0.0
ar_chloroplast_1kb	114192	G	0	0	93	0	0	290	0	3528	93	3818	3528	290	3818	0.9240440020953379	0.0	0.0
ar_chloroplast_1kb	114422	G	0	0	69	0	0	468	0	2702	69	3170	2702	468	3170	0.852365930599369	0.0	0.0
ar_chloroplast_1kb	114489	G	0	0	35	0	0	106	0	1336	35	1442	1336	106	1442	0.926490984743412	0.0	0.0
ar_chloroplast_1kb	114518	G	0	0	29	0	0	462	0	520	29	982	520	462	982	0.5295315682281059	0.0	0.0
ar_chloroplast_1kb	114520	G	0	0	28	0	0	383	0	590	28	973	590	383	973	0.6063720452209661	0.0	0.0
ar_chloroplast_1kb	114623	G	0	0	23	0	0	343	0	47	23	390	47	343	390	0.12051282051282051	3.348981737204831e-8	6.190083113567469e-6
ar_chloroplast_1kb	114699	G	0	0	47	0	0	169	0	894	47	1063	894	169	1063	0.8410159924741298	0.0	0.0
ar_chloroplast_1kb	114709	G	0	0	45	0	0	208	0	1178	45	1386	1178	208	1386	0.84992784992785	0.0	0.0
ar_chloroplast_1kb	114987	G	0	0	70	0	0	565	0	1625	70	2190	1625	565	2190	0.7420091324200914	0.0	0.0
ar_chloroplast_1kb	114994	G	0	0	73	0	0	564	0	1666	73	2230	1666	564	2230	0.747085201793722	0.0	0.0
ar_chloroplast_1kb	115008	G	0	0	80	0	0	336	0	1904	80	2240	1904	336	2240	0.85	0.0	0.0
ar_chloroplast_1kb	116271	G	0	0	33	0	0	317	0	2214	33	2531	2214	317	2531	0.8747530620308178	0.0	0.0
ar_chloroplast_1kb	116335	G	0	0	34	0	0	405	0	1971	34	2376	1971	405	2376	0.8295454545454546	0.0	0.0
ar_chloroplast_1kb	116352	G	0	0	37	0	0	270	0	2033	37	2303	2033	270	2303	0.8827616152844117	0.0	0.0
ar_chloroplast_1kb	116367	G	0	0	35	0	0	355	0	1986	35	2341	1986	355	2341	0.8483554036736437	0.0	0.0
ar_chloroplast_1kb	116410	G	0	0	22	0	0	226	0	2230	22	2456	2230	226	2456	0.9079804560260586	0.0	0.0
ar_chloroplast_1kb	116742	G	0	0	13	0	0	1184	0	1952	13	3136	1952	1184	3136	0.6224489795918368	0.0	0.0
ar_chloroplast_1kb	116747	G	0	0	12	0	0	505	0	2602	12	3107	2602	505	3107	0.8374637914386869	0.0	0.0
ar_chloroplast_1kb	116754	G	0	0	11	0	0	894	0	1818	11	2712	1818	894	2712	0.6703539823008849	0.0	0.0
ar_chloroplast_1kb	116785	G	0	0	5	0	0	95	0	1717	5	1812	1717	95	1812	0.9475717439293598	0.0	0.0
ar_chloroplast_1kb	116831	A	9	0	0	0	0	1068	0	178	9	1246	1068	178	1246	0.8571428571428571	0.0	0.0
ar_chloroplast_1kb	116848	G	0	0	18	0	0	158	0	1185	18	1343	1185	158	1343	0.8823529411764706	0.0	0.0
ar_chloroplast_1kb	116905	G	0	0	25	0	0	132	0	1256	25	1388	1256	132	1388	0.9048991354466859	0.0	0.0
ar_chloroplast_1kb	117085	G	0	0	11	0	0	171	0	1678	11	1849	1678	171	1849	0.9075175770686857	0.0	0.0
ar_chloroplast_1kb	117928	G	0	0	39	0	0	366	0	1103	39	1469	1103	366	1469	0.7508509189925119	0.0	0.0
ar_chloroplast_1kb	118394	G	0	0	81	0	0	2135	0	256	81	2391	256	2135	2391	0.10706817231283981	2.856747716988489e-29	5.862913190429672e-27
ar_chloroplast_1kb	118584	A	11	0	0	0	0	23876	0	3177	11	27053	23876	3177	27053	0.882563856134255	0.0	0.0
ar_chloroplast_1kb	119130	G	0	0	21	0	0	277	0	11856	21	12133	11856	277	12133	0.9771697024643534	0.0	0.0
ar_chloroplast_1kb	119198	G	0	0	10	0	0	70	0	9729	10	9799	9729	70	9799	0.9928564139197877	0.0	0.0
ar_chloroplast_1kb	119237	G	0	0	4	0	0	226	0	6598	4	6824	6598	226	6824	0.9668815943728019	0.0	0.0
ar_chloroplast_1kb	122216	G	0	0	19	0	0	199	0	3718	19	3917	3718	199	3917	0.9491958131222875	0.0	0.0
ar_chloroplast_1kb	123591	G	0	0	54	0	0	473	0	3058	54	3531	3058	473	3531	0.8660436137071651	0.0	0.0
ar_chloroplast_1kb	124055	G	0	0	15	0	0	1116	0	534	15	1650	534	1116	1650	0.3236363636363636	8.132441927206163e-271	1.858743931233271e-268
ar_chloroplast_1kb	124554	G	0	0	75	0	0	1429	0	37402	75	38831	37402	1429	38831	0.9631995055496897	0.0	0.0
ar_chloroplast_1kb	124761	G	0	0	40	0	0	1308	0	36763	40	38071	36763	1308	38071	0.9656431404481101	0.0	0.0
ar_chloroplast_1kb	124904	G	0	0	71	0	0	27679	0	9243	71	36922	9243	27679	36922	0.25033855154108664	0.0	0.0
ar_chloroplast_1kb	125238	G	0	0	16	0	0	1537	0	33949	16	35486	33949	1537	35486	0.9566871442258919	0.0	0.0
ar_chloroplast_1kb	125244	G	0	0	13	0	0	1232	0	33707	13	34939	33707	1232	34939	0.9647385443201008	0.0	0.0
ar_chloroplast_1kb	125406	G	0	0	57	0	0	1416	0	40540	57	41956	40540	1416	41956	0.9662503575173992	0.0	0.0
ar_chloroplast_1kb	125644	G	0	0	78	0	0	1003	0	26827	78	27830	26827	1003	27830	0.9639597556593604	0.0	0.0
ar_chloroplast_1kb	125731	G	0	0	61	0	0	1093	0	19774	61	20867	19774	1093	20867	0.9476206450376192	0.0	0.0
ar_chloroplast_1kb	125988	G	0	0	67	0	0	368	0	17551	67	17919	17551	368	17919	0.9794631396841341	0.0	0.0
ar_chloroplast_1kb	126336	G	0	0	62	0	0	297	0	11091	62	11388	11091	297	11388	0.9739199157007377	0.0	0.0
ar_chloroplast_1kb	126360	G	0	0	56	0	0	296	0	11042	56	11338	11042	296	11338	0.9738931028400071	0.0	0.0
ar_chloroplast_1kb	126618	G	0	0	50	0	0	126	0	6258	50	6384	6258	126	6384	0.9802631578947368	0.0	0.0
ar_chloroplast_1kb	126765	G	0	0	188	0	0	996	0	6051	188	7047	6051	996	7047	0.8586632609621115	0.0	0.0
ar_chloroplast_1kb	127904	G	0	0	87	0	0	87	0	2371	87	2458	2371	87	2458	0.9646053702196908	0.0	0.0
ar_chloroplast_1kb	127905	G	0	0	87	0	0	1416	0	1051	87	2467	1051	1416	2467	0.42602351033644104	0.0	0.0
ar_chloroplast_1kb	127923	A	76	0	0	0	0	2469	0	75	76	2544	2469	75	2544	0.9705188679245284	0.0	0.0
ar_chloroplast_1kb	128058	G	0	0	54	0	0	580	0	2599	54	3179	2599	580	3179	0.8175526895250078	0.0	0.0
ar_chloroplast_1kb	128500	G	0	0	25	0	0	714	0	239	25	953	239	714	953	0.25078698845750264	6.230389810574633e-96	1.3553101764547088e-93
ar_chloroplast_1kb	129014	G	0	0	11	0	0	20	0	1307	11	1327	1307	20	1327	0.9849284099472494	0.0	0.0
ar_chloroplast_1kb	129170	G	0	0	31	0	0	52	0	802	31	854	802	52	854	0.9391100702576113	0.0	0.0
ar_chloroplast_1kb	129245	G	0	0	46	0	0	59	0	1039	46	1098	1039	59	1098	0.9462659380692168	0.0	0.0
ar_chloroplast_1kb	129407	G	0	0	43	0	0	24	0	1240	43	1264	1240	24	1264	0.9810126582278481	0.0	0.0
ar_chloroplast_1kb	129425	G	0	0	46	0	0	28	0	1288	46	1316	1288	28	1316	0.9787234042553191	0.0	0.0
ar_chloroplast_1kb	129818	G	0	0	69	0	0	22	0	1222	69	1244	1222	22	1244	0.9823151125401929	0.0	0.0
ar_chloroplast_1kb	129892	T	0	16	0	14	1406	0	0	0	30	1406	16	14	30	0.5333333333333333	1.1308857966261494e-13	2.2024444954397648e-11
ar_chloroplast_1kb	130253	G	0	0	6	0	0	13	0	736	6	749	736	13	749	0.9826435246995995	0.0	0.0
ar_chloroplast_1kb	130331	G	0	0	12	0	0	21	0	930	12	951	930	21	951	0.9779179810725552	0.0	0.0
ar_chloroplast_1kb	130396	G	0	0	19	0	0	634	0	420	19	1054	420	634	1054	0.3984819734345351	4.616176701765632e-255	1.0518379231379967e-252
ar_chloroplast_1kb	130397	G	0	0	19	0	0	29	0	1025	19	1054	1025	29	1054	0.9724857685009488	0.0	0.0
ar_chloroplast_1kb	130439	G	0	0	19	0	0	145	0	814	19	959	814	145	959	0.848800834202294	0.0	0.0
ar_chloroplast_1kb	130446	C	0	12	0	6	0	0	909	0	18	909	6	12	18	0.3333333333333333	0.00017196620536118022	0.029614809754746212
ar_chloroplast_1kb	130691	G	0	0	16	0	0	202	0	871	16	1073	871	202	1073	0.8117427772600186	0.0	0.0
ar_chloroplast_1kb	131687	G	0	0	157	0	0	122	0	671	157	793	671	122	793	0.8461538461538461	0.0	0.0
ar_chloroplast_1kb	132206	G	0	0	37	0	0	471	0	50	37	521	50	471	521	0.09596928982725528	1.1007348238448005e-5	0.0019544216695646247
ar_chloroplast_1kb	133482	A	27	0	0	0	0	1015	0	703	27	1718	1015	703	1718	0.5908032596041909	0.0	0.0
ar_chloroplast_1kb	133567	G	0	0	25	0	0	1319	0	278	25	1597	278	1319	1597	0.17407639323731997	1.27656668045414e-72	2.7369295319615622e-70
ar_chloroplast_1kb	134354	A	67	0	0	0	0	15284	0	193221	67	208505	15284	193221	208505	0.07330279849404091	0.0	0.0
ar_chloroplast_1kb	134362	A	134	0	0	0	0	52329	0	380405	134	432734	52329	380405	432734	0.12092648139503713	0.0	0.0
ar_chloroplast_1kb	136321	G	0	0	6	0	0	2919	0	20897	6	23816	20897	2919	23816	0.877435337588176	0.0	0.0
ar_chloroplast_1kb	136378	G	0	0	8	0	0	8207	0	25067	8	33274	25067	8207	33274	0.7533509647171966	0.0	0.0
ar_chloroplast_1kb	136381	G	0	0	7	0	0	4193	0	28620	7	32813	28620	4193	32813	0.8722152805290586	0.0	0.0
ar_chloroplast_1kb	136396	G	0	0	10	0	0	1866	0	30723	10	32589	30723	1866	32589	0.9427414158151524	0.0	0.0
ar_chloroplast_1kb	136538	A	11	0	0	0	0	17285	0	6212	11	23497	17285	6212	23497	0.7356258245733498	0.0	0.0
ar_chloroplast_1kb	136564	G	0	0	8	0	0	3315	0	18538	8	21853	18538	3315	21853	0.8483045806067817	0.0	0.0
ar_chloroplast_1kb	136600	G	0	0	7	0	0	1264	0	17146	7	18410	17146	1264	18410	0.9313416621401412	0.0	0.0
ar_chloroplast_1kb	136675	G	0	0	10	0	0	5122	0	11774	10	16896	11774	5122	16896	0.6968513257575758	0.0	0.0
ar_chloroplast_1kb	136821	G	0	0	19	0	0	2489	0	7038	19	9527	7038	2489	9527	0.7387425212553794	0.0	0.0
ar_chloroplast_1kb	137028	G	0	0	19	0	0	6207	0	4676	19	10883	4676	6207	10883	0.429660939079298	0.0	0.0
ar_chloroplast_1kb	137051	G	0	0	14	0	0	1800	0	11188	14	12988	11188	1800	12988	0.8614105327995072	0.0	0.0
ar_chloroplast_1kb	137385	G	0	0	27	0	0	1465	0	10883	27	12348	10883	1465	12348	0.8813573048266926	0.0	0.0
ar_chloroplast_1kb	137927	G	0	0	8	0	0	12836	0	1653	8	14489	1653	12836	14489	0.11408654841603975	2.400670743889744e-205	5.420342963958161e-203
ar_chloroplast_1kb	139370	G	0	0	23415	0	0	14	0	30	23415	44	30	14	44	0.6818181818181818	5.347899987570388e-29	1.0960395798217261e-26
ar_chloroplast_1kb	139392	G	0	0	24305	0	0	9	0	24	24305	33	24	9	33	0.7272727272727273	1.4767053665400617e-24	3.0098896561401214e-22
ar_chloroplast_1kb	139423	A	23090	0	0	0	0	34	0	10	23090	44	34	10	44	0.7727272727272727	8.779214506387356e-36	1.8244090570312674e-33
ar_chloroplast_1kb	139447	G	0	0	21026	0	0	9	0	42	21026	51	42	9	51	0.8235294117647058	4.4081876582694675e-46	9.303589475875612e-44
ar_chloroplast_1kb	139701	A	4329	0	0	0	0	18	0	2	4329	20	18	2	20	0.9	6.577587127685591e-22	1.335187372309133e-19
ar_chloroplast_1kb	139748	G	0	0	3295	0	0	0	0	11	3295	11	11	0	11	1.0	4.882812500000006e-15	9.648385624169998e-13
ar_chloroplast_1kb	139857	G	0	0	3169	0	0	0	0	3	3169	3	3	0	3	1.0	0.00012499999999999992	0.02157656612529001
ar_chloroplast_1kb	139858	G	0	0	3102	0	0	1	0	8	3102	9	8	1	9	0.8888888888888888	3.3593750000000187e-10	6.343250317258919e-8
ar_chloroplast_1kb	139939	G	0	0	3344	0	0	5	0	82	3344	87	82	5	87	0.9425287356321839	5.931292973122171e-100	1.2978366824364617e-97
ar_chloroplast_1kb	140038	A	3015	0	0	0	0	254	0	2	3015	256	254	2	256	0.9921875	0.0	0.0
ar_chloroplast_1kb	140176	G	0	0	96	0	0	53	0	15	96	68	15	53	68	0.22058823529411764	1.078290704754751e-6	0.00019589869419031617
ar_chloroplast_1kb	140228	G	0	0	893	0	0	2	0	35	893	37	35	2	37	0.9459459459459459	1.754451659508041e-43	3.6819234318973263e-41
ar_chloroplast_1kb	140233	A	903	0	0	0	0	96	0	0	903	96	96	0	96	1.0	1.2621774483536266e-125	2.7863784405850566e-123
ar_chloroplast_1kb	140343	A	2619	0	0	0	0	17	0	4	2619	21	17	4	21	0.8095238095238095	3.7630551576614654e-19	7.576623856816843e-17
ar_chloroplast_1kb	140346	A	2649	0	0	0	0	15	0	5	2649	20	15	5	20	0.75	3.7220699665069745e-16	7.443739710436905e-14
ar_chloroplast_1kb	140360	A	2906	0	0	0	0	20	0	4	2906	24	20	4	24	0.8333333333333334	8.337340682744981e-23	1.6970309095307677e-20
ar_chloroplast_1kb	140361	G	0	0	2923	0	0	4	0	17	2923	21	17	4	21	0.8095238095238095	3.7630551576614654e-19	7.576623856816843e-17
ar_chloroplast_1kb	140394	G	0	0	3381	0	0	3	0	13	3381	16	13	3	16	0.8125	5.927528381347665e-15	1.1681705998907043e-12
ar_chloroplast_1kb	140627	A	4092	0	0	0	0	5	0	4	4092	9	5	4	9	0.5555555555555556	3.322220703125004e-5	0.0058223776544096065
ar_chloroplast_1kb	140643	G	0	0	3535	0	0	4	0	5	3535	9	5	4	9	0.5555555555555556	3.322220703125004e-5	0.0058223776544096065
ar_chloroplast_1kb	142910	T	0	788	0	6724	5	0	0	0	7512	5	788	6724	7512	0.10489882854100106	4.799477174687133e-82	1.0364641622293875e-79
ar_chloroplast_1kb	143162	G	0	0	8236	0	0	3	0	11	8236	14	11	3	14	0.7857142857142857	1.5440637207031242e-12	2.9836925861150557e-10
ar_chloroplast_1kb	143167	A	8603	0	0	0	0	13	0	4	8603	17	13	4	17	0.7647058823529411	2.402324829101564e-14	4.709442898177601e-12
ar_chloroplast_1kb	143197	G	0	0	12223	0	0	7	0	9	12223	16	9	7	16	0.5625	1.6195209928169304e-8	3.012147094540209e-6
ar_chloroplast_1kb	143200	A	12387	0	0	0	0	10	0	8	12387	18	10	8	18	0.5555555555555556	2.946885319350867e-9	5.522329476534687e-7
ar_chloroplast_1kb	143202	G	0	0	12630	0	0	7	0	11	12630	18	11	7	18	0.6111111111111112	1.11929144316986e-10	2.126968230039972e-8
ar_chloroplast_1kb	143222	G	0	0	21255	0	0	6	0	8	21255	14	8	6	14	0.5714285714285714	8.933649411376958e-8	1.6471568317442384e-5
ar_chloroplast_1kb	143255	A	26946	0	0	0	0	6	0	5	26946	11	6	5	11	0.5454545454545454	5.801345058593756e-6	0.001035004477168204
ar_chloroplast_1kb	143505	A	8925	0	0	0	0	5	0	4	8925	9	5	4	9	0.5555555555555556	3.322220703125004e-5	0.0058223776544096065
ar_chloroplast_1kb	143555	A	7490	0	0	0	0	16	0	3	7490	19	16	3	19	0.8421052631578947	1.2795379638671934e-18	2.572770442158479e-16
ar_chloroplast_1kb	143588	A	3820	0	0	0	0	12	0	4	3820	16	12	4	16	0.75	3.678419265747065e-13	7.135845624368151e-11
ar_chloroplast_1kb	143623	G	0	0	1989	0	0	3	0	5	1989	8	5	3	8	0.625	1.540488281250004e-5	0.00272223672617281
ar_chloroplast_1kb	143635	G	0	0	2298	0	0	3	0	6	2298	9	6	3	9	0.6666666666666666	1.1510234375000013e-6	0.00020860301986906234
ar_chloroplast_1kb	143743	A	4131	0	0	0	0	6	0	2	4131	8	6	2	8	0.75	4.008203125000006e-7	7.29973756884946e-5
ar_chloroplast_1kb	143769	G	0	0	3397	0	0	1	0	8	3397	9	8	1	9	0.8888888888888888	3.3593750000000187e-10	6.343250317258919e-8
ar_chloroplast_1kb	143785	A	3130	0	0	0	0	100	0	1	3130	101	100	1	101	0.9900990099009901	7.573064690121897e-129	1.6743112056056722e-126
ar_chloroplast_1kb	143786	A	3126	0	0	0	0	95	0	1	3126	96	95	1	96	0.9895833333333334	2.3034738432452792e-122	5.077607112357801e-120
ar_chloroplast_1kb	143813	A	2467	0	0	0	0	130	0	426	2467	556	130	426	556	0.23381294964028776	2.396800955106813e-49	5.072899113972303e-47
ar_chloroplast_1kb	143835	G	0	0	2597	0	0	5	0	3630	2597	3635	3630	5	3635	0.9986244841815681	0.0	0.0
ar_chloroplast_1kb	144043	G	0	0	941	0	0	3	0	14	941	17	14	3	17	0.8235294117647058	3.596145629882819e-16	7.20158412599629e-14
ar_chloroplast_1kb	144051	G	0	0	901	0	0	3	0	4	901	7	4	3	7	0.5714285714285714	0.00019357812499999985	0.033298122976878584
ar_chloroplast_1kb	144070	A	975	0	0	0	0	27	0	3	975	30	27	3	30	0.9	2.608182467520246e-32	5.397450427083067e-30
ar_chloroplast_1kb	144071	A	977	0	0	0	0	38	0	3	977	41	38	3	41	0.926829268292683	3.3384703783668027e-46	7.055933019005018e-44
ar_chloroplast_1kb	144112	G	0	0	1082	0	0	15	0	3506	1082	3521	3506	15	3521	0.9957398466344788	0.0	0.0
ar_chloroplast_1kb	144121	A	1102	0	0	0	0	4748	0	6	1102	4754	4748	6	4754	0.9987379049221708	0.0	0.0
ar_chloroplast_1kb	144147	G	0	0	1024	0	0	91	0	5447	1024	5538	5447	91	5538	0.9835680751173709	0.0	0.0
ar_chloroplast_1kb	144158	G	0	0	1037	0	0	24	0	6902	1037	6926	6902	24	6926	0.9965347964192897	0.0	0.0
ar_chloroplast_1kb	144169	G	0	0	924	0	0	30	0	7494	924	7524	7494	30	7524	0.9960127591706539	0.0	0.0
ar_chloroplast_1kb	144170	A	893	0	0	0	0	7914	0	16	893	7930	7914	16	7930	0.9979823455233291	0.0	0.0
ar_chloroplast_1kb	144172	A	901	0	0	0	0	8006	0	10	901	8016	8006	10	8016	0.9987524950099801	0.0	0.0
ar_chloroplast_1kb	144243	A	755	0	0	0	0	7807	0	9	755	7816	7807	9	7816	0.9988485158648925	0.0	0.0
ar_chloroplast_1kb	144271	A	732	0	0	0	0	5837	0	10	732	5847	5837	10	5847	0.9982897212245596	0.0	0.0
ar_chloroplast_1kb	144279	G	0	0	738	0	0	5	0	4964	738	4969	4964	5	4969	0.9989937613201851	0.0	0.0
ar_chloroplast_1kb	144302	G	0	0	652	0	0	9	0	2538	652	2547	2538	9	2547	0.9964664310954063	0.0	0.0
ar_chloroplast_1kb	144307	A	652	0	0	0	0	2119	0	2	652	2121	2119	2	2121	0.9990570485619991	0.0	0.0
ar_chloroplast_1kb	144355	A	607	0	0	0	0	7	0	0	607	7	7	0	7	1.0	7.812499999999991e-10	1.47143987341772e-7
ar_chloroplast_1kb	144707	A	24993	0	0	0	0	16	0	23	24993	39	16	23	39	0.41025641025641024	1.903155392897394e-11	3.6444568496781087e-9
ar_chloroplast_1kb	144728	G	0	0	22219	0	0	10	0	15	22219	25	15	10	25	0.6	6.174753363909071e-14	1.2072981636304316e-11
ar_chloroplast_1kb	144733	G	0	0	21830	0	0	10	0	15	21830	25	15	10	25	0.6	6.174753363909071e-14	1.2072981636304316e-11
ar_chloroplast_1kb	144823	G	0	0	6393	0	0	4	0	44	6393	48	44	4	48	0.9166666666666666	9.051213668342891e-53	1.92118143243948e-50
ar_chloroplast_1kb	144848	T	0	82	0	653	66	0	0	0	735	66	82	653	735	0.11156462585034013	2.0789135267237882e-11	3.975908759232467e-9
ar_chloroplast_1kb	144860	G	0	0	146	0	0	1	0	58	146	59	58	1	59	0.9830508474576272	1.9463597400460054e-74	4.1850109601289777e-72
ar_chloroplast_1kb	144864	A	142	0	0	0	0	168	0	2	142	170	168	2	170	0.9882352941176471	3.467241347402592e-215	7.840391710679734e-213
ar_chloroplast_1kb	144884	A	929	0	0	0	0	364	0	4	929	368	364	4	368	0.9891304347826086	0.0	0.0
ar_chloroplast_1kb	144973	G	0	0	1025	0	0	0	0	130	1025	130	130	0	130	1.0	7.346839692639624e-170	1.6463117041374021e-167
ar_chloroplast_1kb	144992	G	0	0	709	0	0	0	0	42	709	42	42	0	42	1.0	2.2737367544323312e-55	4.839969086773897e-53
ar_chloroplast_1kb	145122	A	1716	0	0	0	0	1600	0	10	1716	1610	1600	10	1610	0.9937888198757764	0.0	0.0
ar_chloroplast_1kb	145125	A	1695	0	0	0	0	1583	0	5	1695	1588	1583	5	1588	0.9968513853904282	0.0	0.0
ar_chloroplast_1kb	145220	A	1376	0	0	0	0	24	0	2	1376	26	24	2	26	0.9230769230769231	1.7556548118591324e-29	3.608113132129061e-27
ar_chloroplast_1kb	145251	G	0	0	1097	0	0	1	0	7	1097	8	7	1	8	0.875	5.976562500000027e-9	1.117166692839201e-6
ar_chloroplast_1kb	145255	G	0	0	1081	0	0	1	0	5	1081	6	5	1	6	0.8333333333333334	1.7968750000000032e-6	0.00032289930555555614
ar_chloroplast_1kb	145269	A	1128	0	0	0	0	8	0	1	1128	9	8	1	9	0.8888888888888888	3.3593750000000187e-10	6.343250317258919e-8
ar_chloroplast_1kb	145306	G	0	0	1068	0	0	1	0	5	1068	6	5	1	6	0.8333333333333334	1.7968750000000032e-6	0.00032289930555555614
ar_chloroplast_1kb	145312	G	0	0	1095	0	0	2	0	5	1095	7	5	2	7	0.7142857142857143	6.0273437499999995e-6	0.001072751831638756
ar_chloroplast_1kb	145330	A	976	0	0	0	0	5	0	2	976	7	5	2	7	0.7142857142857143	6.0273437499999995e-6	0.001072751831638756
ar_chloroplast_1kb	145347	A	1291	0	0	0	0	6	0	2	1291	8	6	2	8	0.75	4.008203125000006e-7	7.29973756884946e-5
ar_chloroplast_1kb	145392	G	0	0	1618	0	0	1	0	6	1618	7	6	1	7	0.8571428571428571	1.0468749999999978e-7	1.9230447530864157e-5
ar_chloroplast_1kb	145421	A	1952	0	0	0	0	6	0	2	1952	8	6	2	8	0.75	4.008203125000006e-7	7.29973756884946e-5
ar_chloroplast_1kb	145437	A	2093	0	0	0	0	4	0	2	2093	6	4	2	6	0.6666666666666666	8.64062500000001e-5	0.014949486918604668
ar_chloroplast_1kb	145764	G	0	0	183	0	0	5	0	636	183	641	636	5	641	0.9921996879875195	0.0	0.0
ar_chloroplast_1kb	145883	G	0	0	69	0	0	118	0	56	69	174	56	118	174	0.3218390804597701	7.063340175844126e-30	1.45362173090484e-27
ar_chloroplast_1kb	145900	G	0	0	124	0	0	5	0	33	124	38	33	5	38	0.868421052631579	4.5566988625177934e-38	9.495803041341002e-36
ar_chloroplast_1kb	147852	G	0	0	56	0	0	368	0	10139	56	10507	10139	368	10507	0.964975730465404	0.0	0.0
ar_chloroplast_1kb	148130	G	0	0	33	0	0	5750	0	692	33	6442	692	5750	6442	0.10742005588326607	2.0905040980199273e-76	4.5014513133513895e-74
ar_chloroplast_1kb	148137	G	0	0	35	0	0	360	0	6251	35	6611	6251	360	6611	0.9455453032824082	0.0	0.0
ar_chloroplast_1kb	148138	G	0	0	34	0	0	5446	0	1161	34	6607	1161	5446	6607	0.17572271832904496	1.7368326567193575e-300	3.981923030178531e-298
ar_chloroplast_1kb	148140	G	0	0	34	0	0	401	0	6217	34	6618	6217	401	6618	0.9394076760350559	0.0	0.0
ar_chloroplast_1kb	148144	G	0	0	35	0	0	277	0	6223	35	6500	6223	277	6500	0.9573846153846154	0.0	0.0
ar_chloroplast_1kb	148145	G	0	0	36	0	0	2690	0	3804	36	6494	3804	2690	6494	0.5857714813674161	0.0	0.0
ar_chloroplast_1kb	148152	G	0	0	39	0	0	97	0	6351	39	6448	6351	97	6448	0.9849565756823822	0.0	0.0
ar_chloroplast_1kb	148267	G	0	0	36	0	0	265	0	4322	36	4587	4322	265	4587	0.9422280357532156	0.0	0.0
ar_chloroplast_1kb	148495	G	0	0	52	0	0	613	0	2855	52	3468	2855	613	3468	0.8232410611303345	0.0	0.0
ar_chloroplast_1kb	148545	G	0	0	61	0	0	496	0	2434	61	2930	2434	496	2930	0.830716723549488	0.0	0.0
